trade_date,pe_ttm,pb,ps_ttm,turnover_rate,total_mv,circ_mv
20230103,1.3913,0.8741,0.3951,0.4114,16545329.0138,13096615.1738
20230104,1.3845,0.8699,0.3932,0.3536,16464855.6237,13032915.6837
20230105,1.3845,0.8699,0.3932,0.3735,16465043.4536,13033103.5136
20230106,1.3886,0.8725,0.3943,0.3924,16513328.0385,13071323.7585
20230109,1.3845,0.8699,0.3932,0.4367,16465043.4536,13033103.5136
20230110,1.3791,0.8665,0.3917,0.3257,16400664.0071,12982143.1871
20230111,1.3737,0.8631,0.3901,0.3923,16336284.5605,12931182.8605
20230112,1.3615,0.8554,0.3867,0.5288,16191430.8058,12816522.1258
20230113,1.371,0.8614,0.3893,0.3794,16304094.8373,12905702.6973
20230116,1.3805,0.8674,0.392,0.5565,16416758.8687,12994883.2687
20230117,1.39,0.8733,0.3947,0.4244,16529422.9002,13084063.8402
20230118,1.3886,0.8725,0.3943,0.291,16513328.0385,13071323.7585
20230119,1.39,0.8733,0.3947,0.3522,16529422.9002,13084063.8402
20230120,1.4103,0.8861,0.4005,0.5506,16770845.8247,13275165.0647
20230130,1.4103,0.8861,0.4005,0.7142,16770845.8247,13275165.0647
20230131,1.4387,0.9039,0.4086,0.7997,17108837.9191,13542706.7791
20230201,1.4671,0.9218,0.4166,0.826,17446830.0134,13810248.4934
20230202,1.4657,0.9209,0.4163,0.5625,17430735.1518,13797508.4118
20230203,1.4414,0.9056,0.4093,0.668,17141027.6423,13568186.9423
20230206,1.4455,0.9082,0.4105,0.4199,17189555.0584,13606650.0184
20230207,1.4482,0.9099,0.4113,0.3794,17221745.2364,13632130.6364
20230208,1.459,0.9167,0.4143,0.4685,17350505.9485,13734053.1085
20230209,1.4766,0.9277,0.4193,0.5445,17559742.1055,13899677.1255
20230210,1.4658,0.9209,0.4163,0.447,17430981.3935,13797754.6535
20230213,1.4576,0.9158,0.414,0.4277,17334410.8595,13721312.7995
20230214,1.4604,0.9175,0.4147,0.3041,17366601.0375,13746793.4175
20230215,1.4482,0.9099,0.4113,0.4376,17221745.2364,13632130.6364
20230216,1.4373,0.9031,0.4082,0.6253,17092984.5244,13530208.1644
20230217,1.4306,0.8988,0.4063,0.4213,17012509.0793,13466506.6193
20230220,1.4428,0.9065,0.4097,0.5671,17157364.8804,13581169.4004
20230221,1.4698,0.9235,0.4174,0.726,17479266.6605,13835975.5805
20230222,1.4671,0.9218,0.4166,0.4222,17447076.4825,13810494.9625
20230223,1.4576,0.9158,0.414,0.4258,17334410.8595,13721312.7995
20230224,1.4509,0.9116,0.412,0.3952,17253935.4144,13657611.2544
20230227,1.4455,0.9082,0.4105,0.3869,17189555.0584,13606650.0184
20230228,1.459,0.9167,0.4143,0.4081,17350505.9485,13734053.1085
20230301,1.4685,0.9226,0.417,0.5118,17463171.5715,13823235.2715
20230302,1.5118,0.9498,0.4293,1.3532,17978214.4197,14230925.1597
20230303,1.5267,0.9592,0.4336,1.0076,18155260.3988,14371068.5588
20230306,1.524,0.9575,0.4328,0.7285,18123320.5531,14345838.2731
20230307,1.524,0.9575,0.4328,1.2759,18123320.5531,14345838.2731
20230308,1.5091,0.9482,0.4286,0.6431,17946272.1285,14205692.4285
20230309,1.5145,0.9516,0.4301,0.4422,18010653.3738,14256654.5538
20230310,1.482,0.9312,0.4209,0.5635,17624365.902,13950881.802
20230313,1.4901,0.9363,0.4232,0.4724,17720937.7699,14027324.9899
20230314,1.4604,0.9175,0.4147,0.5918,17366840.9208,13747033.3008
20230315,1.5294,0.9609,0.4343,1.088,18187701.7984,14396800.3984
20230316,1.501,0.9431,0.4263,0.6574,17849700.2605,14129249.2405
20230317,1.5037,0.9448,0.427,0.9592,17881890.8832,14154730.3032
20230320,1.501,0.9431,0.4263,0.8033,17849700.2605,14129249.2405
20230321,1.4969,0.9405,0.4251,0.5041,17801414.3266,14091027.6466
20230322,1.5023,0.9439,0.4266,0.3979,17865795.5719,14141989.7719
20230323,1.5483,0.9728,0.4397,1.3772,18413036.1569,14575167.8369
20230324,1.5362,0.9652,0.4362,0.5121,18268178.355,14460503.055
20230327,1.5294,0.9609,0.4343,0.5152,18187701.7984,14396800.3984
20230328,1.5226,0.9567,0.4324,0.4533,18107225.2418,14333097.7418
20230329,1.5186,0.9541,0.4313,0.3992,18058939.3078,14294876.1478
20230330,1.547,0.972,0.4393,0.8115,18396940.8456,14562427.3056
20230331,1.6199,0.886,0.454,1.7067,17753128.3926,14052806.0526
20230403,1.5846,0.8667,0.4441,1.178,17366840.9208,13747033.3008
20230404,1.592,0.8707,0.4462,0.6078,17447317.4774,13810735.9574
20230406,1.5817,0.8651,0.4433,0.4071,17334736.415,13721638.355
20230407,1.5891,0.8691,0.4453,0.3923,17415213.3715,13785341.4115
20230410,1.5979,0.8739,0.4478,0.428,17511785.7192,13861785.0792
20230411,1.5758,0.8619,0.4416,0.6471,17270354.8499,13670675.9099
20230412,1.6096,0.8803,0.4511,0.8382,17640548.8495,13963709.9695
20230413,1.6287,0.8908,0.4564,0.8698,17849788.9362,14129337.9162
20230414,1.6287,0.8908,0.4564,0.5859,17849788.9362,14129337.9162
20230417,1.6801,0.9189,0.4709,1.5315,18413127.6312,14575259.3112
20230418,1.7036,0.9317,0.4774,1.159,18670653.8918,14779109.0918
20230419,1.6919,0.9253,0.4741,0.919,18541890.7615,14677184.2015
20230420,1.7095,0.935,0.4791,0.6915,18735035.4569,14830071.5369
20230421,1.6698,0.9133,0.468,0.658,18300647.4983,14486262.6383
20230424,1.6669,0.9117,0.4672,0.5188,18268456.3857,14460781.0857
20230425,1.6537,0.9044,0.4634,0.5509,18123596.3792,14346114.0992
20230426,1.6273,0.89,0.456,0.5566,17833876.366,14116780.126
20230427,1.6096,0.8803,0.4511,0.5853,17640729.6906,13963890.8106
20230428,1.6317,0.8924,0.4573,0.6967,17882163.0349,14155002.4549
20230504,1.9906,0.8852,0.5328,0.7754,17737303.0283,14040335.4683
20230505,1.9545,0.8691,0.5232,0.8297,17415391.9025,13785519.9425
20230508,2.0376,0.9061,0.5454,1.0979,18155787.4917,14371595.6517
20230509,2.052,0.9125,0.5493,1.3034,18284551.942,14473521.862
20230510,2.0249,0.9004,0.542,0.7024,18043118.5977,14282410.2177
20230511,2.0466,0.9101,0.5478,0.5291,18236265.2732,14435299.5332
20230512,2.0285,0.902,0.543,0.475,18075309.7103,14307891.7703
20230515,2.0556,0.9141,0.5502,0.5363,18316743.0546,14499003.4146
20230516,2.0141,0.8956,0.5391,0.4742,17946545.26,14205965.56
20230517,1.9924,0.886,0.5333,0.4224,17753398.5846,14053076.2446
20230518,1.9942,0.8868,0.5338,0.3526,17769494.1408,14065817.0208
20230519,2.0069,0.8924,0.5372,0.4011,17882163.0349,14155002.4549
20230522,2.0195,0.898,0.5406,0.3461,17994831.9289,14244187.8889
20230523,2.0123,0.8948,0.5386,0.3207,17930449.7037,14193224.7837
20230524,1.9671,0.8747,0.5266,0.4973,17528060.7965,13874705.3765
20230525,1.9653,0.8739,0.5261,0.405,17511965.2403,13861964.6003
20230526,1.9834,0.882,0.5309,0.2683,17672920.8031,13989372.3631
20230529,1.9563,0.8699,0.5237,0.3141,17431487.4588,13798260.7188
20230530,1.9382,0.8619,0.5188,0.3663,17270531.896,13670852.956
20230531,1.8863,0.8388,0.5049,0.5629,16807690.128,13305299.808
20230601,1.8845,0.838,0.5044,0.3696,16791590.808,13292555.268
20230602,1.9007,0.8452,0.5088,0.2632,16936484.6884,13407256.1284
20230605,1.9117,0.8501,0.5117,0.2544,17034253.6429,13484896.4029
20230606,1.8973,0.8436,0.5079,0.306,16905450.2127,13382931.2127
20230607,1.8918,0.8412,0.5064,0.3129,16857148.9264,13344694.2664
20230608,1.9298,0.8581,0.5166,0.4466,17195257.9306,13612352.8906
20230609,1.9262,0.8565,0.5156,0.3133,17163057.0731,13586861.5931
20230612,1.9099,0.8493,0.5112,0.2796,17018153.2141,13472150.7541
20230613,1.9099,0.8493,0.5112,0.246,17018153.2141,13472150.7541
20230614,1.9135,0.8509,0.5122,0.3551,17050354.0717,13497642.0517
20230615,1.9226,0.8549,0.5146,0.2507,17130856.2155,13561370.2955
20230616,1.9581,0.8707,0.5241,0.3717,17447703.9991,13827896.3791
20230619,1.9563,0.8699,0.5237,0.319,17431533.7452,13815080.9052
20230620,1.9363,0.861,0.5183,0.2726,17253660.9518,13674110.6918
20230621,1.9345,0.8602,0.5178,0.2995,17237490.6979,13661295.2179
20230626,1.9509,0.8675,0.5222,0.5567,17383022.9834,13776634.4834
20230627,1.9726,0.8772,0.528,0.6661,17577066.0306,13930420.1706
20230628,1.704,0.8535,0.4561,0.5964,15183868.4478,12033730.0278
20230629,1.695,0.8489,0.4537,0.2992,15103017.1781,11969652.6581
20230630,1.7059,0.8544,0.4566,0.2055,15200038.7017,12046545.5017
20230703,1.7258,0.8644,0.462,0.3489,15377911.495,12187515.715
20230704,1.8383,0.9207,0.4921,1.7979,16380467.2392,12982075.0992
20230705,1.8438,0.9234,0.4935,0.8424,16428978.001,13020521.521
20230706,1.8075,0.9053,0.4838,0.6124,16105572.9222,12764212.0422
20230707,1.8166,0.9098,0.4863,0.4413,16186424.1919,12828289.4119
20230710,1.8002,0.9016,0.4819,0.352,16040891.9065,12712950.1465
20230711,1.7912,0.8971,0.4795,0.3829,15960040.6368,12648872.7768
20230712,1.7676,0.8853,0.4731,0.3437,15749827.3356,12482271.6156
20230713,1.7712,0.8871,0.4741,0.3484,15782167.8435,12507902.5635
20230714,1.7621,0.8825,0.4717,0.3299,15701316.5738,12443825.1938
20230717,1.7549,0.8789,0.4697,0.3288,15636635.558,12392563.298
20230718,1.7857,0.8944,0.478,0.6062,15911529.875,12610426.355
20230719,1.8075,0.9053,0.4838,0.526,16105572.9222,12764212.0422
20230720,1.7984,0.9007,0.4814,0.5421,16024721.6526,12700134.6726
20230721,1.7984,0.9007,0.4814,0.339,16024721.6526,12700134.6726
20230724,1.7875,0.8953,0.4785,0.23,15927700.1289,12623241.8289
20230725,1.7966,0.8998,0.4809,0.3515,16008551.3986,12687319.1986
20230726,1.793,0.898,0.4799,0.245,15976210.8907,12661688.2507
20230727,1.7821,0.8925,0.477,0.3813,15879189.3671,12584795.4071
20230728,1.8329,0.918,0.4906,0.8404,16331956.4774,12943628.6774
20230731,1.8365,0.9198,0.4916,0.5657,16364296.9853,12969259.6253
20230801,1.8238,0.9134,0.4882,0.362,16251105.2077,12879551.3077
20230802,1.8111,0.9071,0.4848,0.3123,16137913.4301,12789842.9901
20230803,1.8111,0.9071,0.4848,0.2248,16137913.4301,12789842.9901
20230804,1.8002,0.9016,0.4819,0.353,16040891.9065,12712950.1465
20230807,1.793,0.898,0.4799,0.2427,15976210.8907,12661688.2507
20230808,1.7839,0.8934,0.4775,0.298,15895359.6211,12597610.8811
20230809,1.7857,0.8944,0.478,0.2204,15911529.875,12610426.355
20230810,1.8002,0.9016,0.4819,0.2641,16040891.9065,12712950.1465
20230811,1.7639,0.8834,0.4722,0.3445,15717486.8277,12456640.6677
20230814,1.7476,0.8753,0.4678,0.3222,15571954.5423,12341301.4023
20230815,1.7549,0.8789,0.4697,0.2581,15636635.558,12392563.298
20230816,1.7295,0.8662,0.4629,0.2173,15410252.0029,12213146.6629
20230817,1.7349,0.8689,0.4644,0.2986,15458762.7647,12251593.0847
20230818,1.7367,0.8698,0.4649,0.3765,15474933.0187,12264408.5587
20230821,1.6968,0.8498,0.4542,0.4209,15119187.432,11982468.132
20230822,1.7022,0.8525,0.4556,0.2677,15167698.1938,12020914.5538
20230823,1.6932,0.848,0.4532,0.2761,15086846.9242,11956837.1842
20230824,1.7204,0.8616,0.4605,0.4522,15329400.7332,12149069.2932
20230825,1.704,0.8535,0.4561,0.2677,15183868.4478,12033730.0278
20230828,1.7313,0.8671,0.4634,0.5515,15426422.2569,12225962.1369
20230829,1.7313,0.8671,0.4634,0.445,15426422.2569,12225962.1369
20230830,2.5743,0.796,0.5812,0.9674,15814508.3514,12533533.5114
20230831,2.5795,0.7976,0.5824,0.6144,15846848.8592,12559164.4592
20230901,2.5955,0.8025,0.586,0.3423,15944829.4601,12637016.3801
20230904,2.6192,0.8099,0.5913,0.4196,16090646.4054,12752640.3054
20230905,2.6166,0.8091,0.5907,0.4044,16074677.9786,12740026.6586
20230906,2.5903,0.8009,0.5848,0.327,15913334.7672,12612231.2472
20230907,2.5772,0.7969,0.5818,0.3024,15832514.1265,12548184.5065
20230908,2.5614,0.792,0.5783,0.272,15735481.3535,12471280.4135
20230911,2.5746,0.7961,0.5812,0.2889,15816341.9977,12535367.1577
20230912,2.5772,0.7969,0.5818,0.1794,15832514.1265,12548184.5065
20230913,2.5799,0.7977,0.5824,0.3288,15848870.3484,12561185.9484
20230914,2.6114,0.8075,0.5896,0.4771,16042938.1485,12714996.3885
20230915,2.6036,0.805,0.5878,0.4962,15994435.6171,12676558.1971
20230918,2.6009,0.8042,0.5872,0.2677,15978263.2859,12663740.6459
20230919,2.6036,0.805,0.5878,0.2391,15994534.5923,12676657.1723
20230920,2.6167,0.8091,0.5908,0.314,16075396.749,12740745.429
20230921,2.6273,0.8124,0.5931,0.4349,16140086.4743,12792016.0343
20230922,2.6352,0.8148,0.5949,0.443,16188637.0616,12830502.2816
20230925,2.6536,0.8205,0.5991,0.5467,16301844.3138,12920226.0738
20230926,2.6115,0.8075,0.5896,0.4116,16043084.8802,12715143.1202
20230927,2.5851,0.7993,0.5836,0.4334,15881360.2343,12586966.2743
20230928,2.5825,0.7985,0.583,0.3918,15865187.7697,12574148.5897
20231009,2.5772,0.7969,0.5818,0.3776,15832842.8405,12548513.2205
20231010,2.5035,0.7741,0.5652,0.7433,15380013.8317,12189618.0517
20231011,2.493,0.7708,0.5628,0.3609,15315380.8682,12138404.2082
20231012,2.543,0.7863,0.5741,0.4597,15622658.837,12381941.357
20231013,2.5193,0.779,0.5688,0.2362,15477106.1149,12266581.6549
20231016,2.5351,0.7839,0.5723,0.3796,15574141.263,12343488.123
20231017,2.5615,0.792,0.5783,0.3405,15735866.5097,12471665.5697
20231018,2.572,0.7953,0.5807,0.4407,15800556.6085,12522936.5485
20231019,2.5088,0.7757,0.5664,0.4164,15412416.0162,12215310.6762
20231020,2.5167,0.7782,0.5682,0.3199,15460933.5903,12253763.9103
20231023,2.5009,0.7733,0.5646,0.3169,15363898.4422,12176857.4422
20231024,2.5035,0.7741,0.5652,0.3844,15380070.9669,12189675.1869
20231025,2.5562,0.7904,0.5771,0.499,15703521.4604,12446030.0804
20231026,2.5562,0.7904,0.5771,0.3065,15703521.4604,12446030.0804
20231027,2.5615,0.792,0.5783,0.3273,15735866.5097,12471665.5697
20231030,2.5588,0.7912,0.5777,0.2684,15719693.9851,12458847.8251
20231031,4.5864,0.7777,0.7557,0.4956,15800556.6085,12522936.5485
20231101,4.5348,0.7689,0.7472,0.391,15622658.837,12381941.357
20231102,4.5817,0.7769,0.755,0.3511,15784384.0838,12510118.8038
20231103,4.6052,0.7809,0.7588,0.3246,15865246.7072,12574207.5272
20231106,4.5394,0.7697,0.748,0.6284,15638831.3617,12394759.1017
20231107,4.516,0.7657,0.7441,0.4107,15557968.7383,12330670.3783
20231108,4.5394,0.7697,0.748,0.4713,15638831.3617,12394759.1017
20231109,4.5254,0.7673,0.7457,0.3055,15590313.7877,12356305.8677
20231110,4.5535,0.7721,0.7503,0.3188,15687348.9357,12433212.3357
20231113,4.5629,0.7737,0.7519,0.3439,15719693.9851,12458847.8251
20231114,4.5582,0.7729,0.7511,0.332,15703521.4604,12446030.0804
20231115,4.5817,0.7769,0.755,0.3597,15784384.0838,12510118.8038
20231116,4.5723,0.7753,0.7534,0.3145,15752039.0344,12484483.3144
20231117,4.5488,0.7713,0.7496,0.4497,15671176.411,12420394.591
20231120,4.5231,0.767,0.7453,0.2811,15582601.715,12381941.357
20231121,4.5606,0.7733,0.7515,0.5042,15711650.1764,12484483.3144
20231122,4.5372,0.7693,0.7476,0.405,15630994.888,12420394.591
20231123,4.6027,0.7805,0.7584,0.5185,15856829.6955,12599843.0165
20231124,4.6168,0.7828,0.7607,0.3711,15905222.8685,12638296.2505
20231127,4.6308,0.7852,0.7631,0.4156,15953616.0416,12676749.4846
20231128,4.584,0.7773,0.7553,0.3704,15792305.4648,12548572.0378
20231129,4.5949,0.7814,0.7571,0.3692,15829991.8857,12566378.5807
20231130,4.6696,0.7941,0.7694,0.629,16087128.8098,12770502.4968
20231201,4.6043,0.783,0.7587,0.4718,15862134.0012,12591894.0702
20231204,4.6882,0.7972,0.7725,0.6085,16151413.0408,12821533.4758
20231205,4.6276,0.7869,0.7625,0.4616,15942489.29,12655682.794
20231206,4.6136,0.7845,0.7602,0.4115,15894276.1167,12617409.5597
20231207,4.6462,0.7901,0.7656,0.3779,16006773.521,12706713.773
20231208,4.6323,0.7877,0.7633,0.3207,15958560.3477,12668440.5387
20231211,4.6602,0.7925,0.7679,0.4367,16054986.6942,12744987.0072
20231212,4.7116,0.8012,0.7764,0.4214,16231768.3295,12885322.1995
20231213,4.6882,0.7972,0.7725,0.302,16151413.0408,12821533.4758
20231214,4.7116,0.8012,0.7764,0.3157,16231768.3295,12885322.1995
20231215,4.6789,0.7957,0.771,0.4576,16119270.9253,12796017.9863
20231218,4.9588,0.8432,0.8171,1.8956,17083534.3904,13561482.6714
20231219,4.9401,0.8401,0.814,1.123,17019250.1594,13510451.6924
20231220,4.6742,0.8284,0.7702,1.1874,16103199.8675,12783260.2415
20231221,4.6882,0.8309,0.7725,0.8302,16151413.0408,12821533.4758
20231222,4.7535,0.8424,0.7833,1.0615,16376407.8493,13000141.9023
20231225,4.5669,0.8094,0.7525,1.2008,15733565.5392,12489832.1122
20231226,4.5483,0.8061,0.7495,0.6544,15669281.3082,12438801.1332
20231227,4.5343,0.8036,0.7472,0.742,15621068.1349,12400527.8989
20231228,4.4876,0.7953,0.7395,0.8841,15460357.5574,12272950.4514
20231229,4.469,0.792,0.7364,0.5844,15396073.3264,12221919.4724
20240102,4.5949,0.8143,0.7571,1.2602,15829991.8857,12566378.5807
20240103,4.6229,0.8193,0.7618,0.7588,15926418.2322,12642925.0492
20240104,4.6976,0.8325,0.7741,1.0935,16183555.1563,12847048.9653
20240105,4.6696,0.8275,0.7694,0.6608,16087128.8098,12770502.4968
20240108,4.6462,0.8234,0.7656,0.6705,16006773.521,12706713.773
20240109,4.5296,0.8027,0.7464,0.8543,15604997.0772,12387770.1542
20240110,4.3617,0.773,0.7187,1.0738,15026438.9981,11928491.3431
20240111,4.3384,0.7688,0.7149,0.6769,14946083.7094,11864702.6194
20240112,4.427,0.7846,0.7295,0.7723,15251433.8066,12107099.7696
20240115,4.5716,0.8102,0.7533,1.1608,15749636.597,12502589.857
20240116,4.5343,0.8036,0.7472,0.6598,15621068.1349,12400527.8989
20240117,4.4457,0.7879,0.7325,0.5694,15315718.0377,12158130.7487
20240118,4.4503,0.7887,0.7333,0.8241,15331789.0954,12170888.4934
20240119,4.455,0.7895,0.7341,0.4317,15347860.1532,12183646.2382
20240122,4.3757,0.7755,0.721,0.6218,15074652.1714,11966764.5774
20240123,4.4317,0.7854,0.7302,0.5328,15267504.8644,12119857.5144
20240124,4.5436,0.8052,0.7487,0.6436,15653210.2504,12426043.3884
20240125,4.6882,0.8309,0.7725,1.0436,16151413.0408,12821533.4758
20240126,4.7582,0.8433,0.7841,0.9889,16392478.907,13012899.647
20240129,4.7395,0.8399,0.781,0.7022,16328194.676,12961868.668
20240130,4.6742,0.8284,0.7702,0.5308,16103199.8675,12783260.2415
20240131,4.6416,0.8226,0.7648,0.5352,15990702.4632,12693956.0282
20240201,4.6183,0.8185,0.761,0.4802,15910347.1745,12630167.3045
20240202,4.5949,0.8143,0.7571,0.7228,15829991.8857,12566378.5807
20240205,4.6089,0.8168,0.7595,0.8281,15878205.059,12604651.815
20240206,4.6836,0.83,0.7718,0.8482,16135341.983,12808775.731
20240207,4.6882,0.8309,0.7725,0.9024,16151468.3821,12821588.8171
20240208,4.6929,0.8317,0.7733,0.7869,16167539.4949,12834346.6169
20240219,4.7955,0.8499,0.7902,0.7728,16521103.9769,13115018.2129
20240220,4.8189,0.854,0.794,0.6578,16601459.541,13178807.212
20240221,4.8842,0.8656,0.8048,0.7933,16826455.1204,13357416.4094
20240222,5.0055,0.8871,0.8248,0.8093,17244304.0537,13689119.2047
20240223,5.0195,0.8896,0.8271,1.0433,17292517.3922,13727392.6042
20240226,4.8842,0.8656,0.8048,0.8525,16826455.1204,13357416.4094
20240227,4.9168,0.8714,0.8102,0.4549,16938952.9102,13446721.0082
20240228,4.8562,0.8606,0.8002,0.5652,16730028.4435,13280869.6105
20240229,4.8982,0.8681,0.8071,0.5376,16874668.4589,13395689.8089
20240301,4.8609,0.8614,0.801,0.4614,16746099.5564,13293627.4104
20240304,4.8702,0.8631,0.8025,0.5984,16778241.782,13319143.01
20240305,4.8543,0.8603,0.7999,0.5726,16723550.9842,13370181.5442
20240306,4.8311,0.8562,0.7961,0.4513,16643763.0501,13306392.5101
20240307,4.8311,0.8562,0.7961,0.5962,16643763.0501,13306392.5101
20240308,4.9377,0.8751,0.8136,0.8719,17010787.5469,13599822.0669
20240311,4.9469,0.8767,0.8152,0.8304,17042702.7206,13625337.6806
20240312,4.845,0.8586,0.7984,0.723,16691635.8106,13344665.9306
20240313,4.7987,0.8504,0.7907,0.5744,16532059.9424,13217087.8624
20240314,4.8682,0.8627,0.8022,0.4791,16771423.7447,13408454.9647
20240315,4.8311,0.8562,0.7961,0.434,16643763.0501,13306392.5101
20240318,4.8636,0.8619,0.8014,0.3816,16755466.1579,13395697.1579
20240319,4.7524,0.8422,0.7831,0.7168,16372484.0742,13089509.7942
20240320,4.7802,0.8471,0.7877,0.3548,16468229.5951,13166056.6351
20240321,4.7848,0.848,0.7884,0.3147,16484187.182,13178814.442
20240322,4.7431,0.8406,0.7816,0.4549,16340568.9006,13063994.1806
20240325,4.7339,0.8389,0.78,0.3246,16308653.727,13038478.567
20240326,4.7246,0.8373,0.7785,0.2946,16276738.5533,13012962.9533
20240327,4.7663,0.8447,0.7854,0.4637,16420356.8347,13127783.2147
20240328,4.808,0.8521,0.7923,0.4438,16563975.116,13242603.476
20240329,6.922,0.8422,0.9414,0.6221,16516102.3556,13204330.0556
20240401,6.9488,0.8454,0.945,0.4535,16579932.7029,13255361.2829
20240402,7.0691,0.8601,0.9614,0.6582,16867169.2656,13485001.8056
20240403,7.0758,0.8609,0.9623,0.7013,16883126.8524,13497759.6124
20240408,7.116,0.8658,0.9677,0.6069,16978872.3733,13574306.4533
20240409,7.0424,0.8568,0.9577,0.4289,16803338.9183,13433970.5783
20240410,7.0558,0.8584,0.9596,0.3859,16835254.0919,13459486.1919
20240411,7.0758,0.8609,0.9623,0.4725,16883126.8524,13497759.6124
20240412,7.1093,0.8649,0.9668,0.608,16962914.7865,13561548.6465
20240415,7.2297,0.8796,0.9832,0.9308,17250151.3492,13791189.1692
20240416,7.1695,0.8723,0.975,0.8766,17106533.0678,13676368.9078
20240417,7.2698,0.8845,0.9887,0.7898,17345896.8701,13867736.0101
20240418,7.2564,0.8828,0.9868,0.734,17313981.6964,13842220.3964
20240419,7.3434,0.8934,0.9987,1.5232,17521430.3251,14008071.8851
20240422,7.3835,0.8983,1.0041,1.1389,17617175.846,14084618.726
20240423,7.3367,0.8926,0.9978,0.7649,17505472.7382,13995314.0782
20240424,7.457,0.9073,1.0141,0.6449,17792709.301,14224954.601
20240425,7.5774,0.9219,1.0305,0.8115,18079945.8637,14454595.1237
20240426,7.5774,0.9219,1.0305,0.7907,18079945.8637,14454595.1237
20240429,7.5774,0.9219,1.0305,1.1662,18079945.8637,14454595.1237
20240430,7.9965,0.9259,1.065,1.7753,18782079.6836,15015938.6236
20240506,8.1664,0.9456,1.0876,1.1116,19181019.354,15334883.794
20240507,8.2003,0.9495,1.0921,0.83,19260807.2881,15398672.8281
20240508,8.2955,0.9605,1.1048,0.9019,19484213.5036,15577282.1236
20240509,9.0564,1.0486,1.2061,2.5129,21271463.2271,17006156.4871
20240510,9.07,1.0502,1.2079,1.9478,21303378.4007,17031672.1007
20240513,9.5591,1.1068,1.2731,2.294,22452324.6515,17950234.1915
20240514,9.4844,1.0982,1.2631,1.6556,22276791.1965,17809898.3165
20240515,9.7018,1.1233,1.2921,1.6517,22787433.9747,18218148.1347
20240516,9.5795,1.1092,1.2758,1.7833,22500197.412,17988507.612
20240517,9.5523,1.106,1.2722,1.9544,22436367.0647,17937476.3847
20240520,9.7833,1.1328,1.3029,1.2711,22978925.0165,18371241.8165
20240521,9.6882,1.1218,1.2903,0.8862,22755518.801,18192632.521
20240522,9.5116,1.1013,1.2667,1.047,22340621.5438,17860929.5438
20240523,9.5999,1.1115,1.2785,0.9347,22548070.1724,18026781.0324
20240524,9.6067,1.1123,1.2794,0.7029,22564027.7592,18039538.8392
20240527,10.2182,1.1831,1.3608,1.9499,24000210.5728,19187741.4528
20240528,10.5511,1.2217,1.4052,2.1735,24782132.3268,19812873.9868
20240529,10.6054,1.228,1.4124,1.229,24909793.0213,19914936.4413
20240530,10.2182,1.1831,1.3608,1.3991,24000210.5728,19187741.4528
20240531,10.2182,1.1831,1.3608,1.0715,24000210.5728,19187741.4528
20240603,10.9111,1.2634,1.4531,2.0436,25627884.4281,20489037.7481
20240604,11.2644,1.3043,1.5002,2.0803,26457678.9426,21152443.7026
20240605,11.2644,1.3043,1.5002,1.3843,26457678.9426,21152443.7026
20240606,11.45,1.3258,1.5249,2.5722,26893515.5431,21501886.2431
20240607,11.6742,1.3517,1.5547,1.5452,27420213.4736,21922991.4336
20240611,10.5055,1.2164,1.3991,3.1866,24675000.0176,19728140.1376
20240612,10.3695,1.2006,1.381,3.8082,24355789.1506,19472924.8706
20240613,10.2065,1.1818,1.3593,1.873,23972736.1102,19166666.5502
20240614,10.3356,1.1967,1.3765,1.5377,24275986.4338,19409121.0538
20240617,10.2065,1.1818,1.3593,1.5051,23972736.1102,19166666.5502
20240618,10.5802,1.225,1.409,1.6728,24850565.9944,19868508.5344
20240619,10.587,1.2258,1.41,1.0873,24866526.5377,19881269.2977
20240620,10.8928,1.2845,1.4507,1.5971,25584750.9884,20455503.6484
20240621,10.9064,1.2861,1.4525,1.5682,25616672.0751,20481025.1751
20240624,10.621,1.2524,1.4145,1.105,24946329.2545,19945073.1145
20240625,10.5462,1.2436,1.4045,0.9405,24770763.2776,19804704.7176
20240626,10.5258,1.2412,1.4018,1.065,24722881.6476,19766422.4276
20240627,10.2065,1.2035,1.3593,1.1767,23972736.1102,19166666.5502
20240628,10.5258,1.2412,1.4018,1.1175,24722881.6476,19766422.4276
20240701,10.7501,1.2676,1.4317,1.0896,25249579.5781,20187527.6181
20240702,10.9064,1.2861,1.4525,1.2169,25616672.0751,20481025.1751
20240703,10.5123,1.2396,1.4,1.173,24691057.4279,19740997.7679
20240704,10.5531,1.2444,1.4054,0.7415,24786821.0636,19817562.7236
20240705,10.4172,1.2284,1.3873,0.9221,24467608.9443,19562346.2043
20240708,9.7852,1.1539,1.3032,2.0601,22983272.5896,18375589.3896
20240709,9.8667,1.1635,1.314,1.2536,23174799.8612,18528719.3012
20240710,9.7648,1.1515,1.3005,0.786,22935390.7717,18337306.9117
20240711,9.6493,1.1378,1.2851,1.0036,22664060.4703,18120372.8703
20240712,9.2008,1.085,1.2253,1.8401,21610660.4766,17278158.3566
20240715,9.16,1.0802,1.2199,0.9302,21514896.8408,17201593.4008
20240716,9.1532,1.0793,1.219,0.725,21498936.2349,17188832.5749
20240717,8.9766,1.0585,1.1955,0.896,21083960.4798,16857051.0998
20240718,9.0173,1.0633,1.2009,0.7216,21179724.1156,16933616.0556
20240719,8.963,1.0569,1.1937,0.6989,21052039.2678,16831529.4478
20240722,8.9222,1.0521,1.1882,0.7733,20956275.632,16754964.492
20240723,8.9018,1.0497,1.1855,0.8043,20908393.8142,16716682.0142
20240724,8.8746,1.0465,1.1819,0.5825,20844551.3903,16665638.7103
20240725,8.7591,1.0329,1.1665,0.6718,20573221.0889,16448704.6689
20240726,8.7115,1.0273,1.1602,0.5351,20461496.8471,16359378.8871
20240729,8.8746,1.0465,1.1819,0.9501,20844551.3903,16665638.7103
20240730,8.7659,1.0337,1.1674,0.703,20589181.6949,16461465.4949
20240731,8.9358,1.0537,1.19,1.1383,20988196.844,16780486.144
20240801,9.0105,1.0625,1.2,1.0474,21163763.5096,16920855.2296
20240802,8.9901,1.0601,1.1973,0.565,21115881.6917,16882572.7517
20240805,8.7047,1.0265,1.1593,0.7112,20445536.2412,16346618.0612
20240806,8.6368,1.0185,1.1502,0.593,20286024.4325,16219104.0525
20240807,8.7456,1.0313,1.1647,0.458,20541395.3144,16423278.4544
20240808,8.4398,0.9952,1.124,0.9487,19823164.709,15849037.949
20240809,8.365,0.9864,1.114,0.574,19647597.2277,15708668.0477
20240812,8.4058,0.9912,1.1195,0.4087,19743361.3084,15785233.4484
20240813,8.4873,1.0008,1.1303,0.561,19934889.4699,15938364.2499
20240814,8.3378,0.9832,1.1104,0.3806,19583754.5072,15657624.4472
20240815,8.4805,1.0,1.1294,0.4889,19918928.7898,15925603.3498
20240816,8.6097,1.0153,1.1466,0.4944,20222181.712,16168060.452
20240819,8.63,1.0177,1.1493,0.5113,20270063.7524,16206343.1524
20240820,8.433,0.9944,1.1231,0.4458,19807204.0289,15836277.0489
20240821,8.5077,1.0032,1.133,0.3463,19982771.5102,15976646.9502
20240822,8.5417,1.0072,1.1376,0.4105,20062574.9108,16040451.4508
20240823,8.4058,0.9912,1.1195,0.4185,19743361.3084,15785233.4484
20240826,8.4873,1.0008,1.1303,0.3518,19934889.4699,15938364.2499
20240827,8.4534,0.9968,1.1258,0.3145,19855086.0693,15874559.7493
20240828,8.4126,0.992,1.1204,0.4084,19759321.9886,15797994.3486
20240829,8.2563,0.9736,1.0996,0.6189,19392226.3458,15504493.6458
20240830,8.2677,0.9494,1.0813,1.0643,19982771.5102,15976646.9502
20240902,8.2017,0.9418,1.0726,0.6009,19823164.709,15849037.949
20240903,8.0564,0.9251,1.0536,0.657,19472029.7464,15568298.1464
20240904,8.0102,0.9198,1.0476,0.3395,19360304.9856,15478971.8456
20240905,7.8979,0.9069,1.0329,0.4637,19088973.4235,15262036.5435
20240906,7.8253,0.8986,1.0234,0.3287,18913405.9422,15121666.6422
20240909,7.68,0.8819,1.0044,0.5332,18562270.9796,14840926.8396
20240910,7.6668,0.8804,1.0027,0.3902,18530349.6193,14815405.0393
20240911,7.6536,0.8789,1.001,0.3343,18498428.2591,14789883.2391
20240912,7.7988,0.8955,1.02,0.4749,18849563.2217,15070623.0417
20240913,7.8715,0.9039,1.0295,0.5233,19025130.703,15210992.943
20240918,8.1224,0.9327,1.0623,0.5778,19631636.5476,15695907.1476
20240919,8.3601,0.96,1.0934,0.829,20206221.0319,16155299.5519
20240920,8.5715,0.9843,1.121,0.8868,20716962.7958,16563648.3558
20240923,8.7498,1.0047,1.1443,0.8118,21147901.159,16908192.659
20240924,9.1196,1.0472,1.1927,1.0602,22041699.2457,17622803.0657
20240925,9.2648,1.0639,1.2117,1.2438,22392834.2084,17903542.8684
20240926,9.595,1.1018,1.2549,1.0644,23190868.2144,18541587.8744
20240927,9.7997,1.1253,1.2816,0.9083,23685649.2981,18937175.7781
20240930,10.3742,1.1913,1.3568,2.3352,25074228.4685,20047374.0885
20241008,10.9686,1.2595,1.4345,2.7836,26510689.6793,21195855.0993
20241009,9.8988,1.1367,1.2946,2.2077,23925059.4999,19128589.2799
20241010,9.978,1.1928,1.305,1.6878,24116587.6613,19281720.0813
20241011,9.7205,1.162,1.2713,0.9267,23494121.1366,18784044.9766
20241014,9.8129,1.1731,1.2834,0.8819,23717570.6583,18962697.5783
20241015,9.5884,1.1462,1.254,0.76,23174907.5342,18528826.9742
20241016,9.5158,1.1376,1.2445,0.5851,22999340.0529,18388457.0729
20241017,9.2714,1.1083,1.2126,0.8273,22408794.8885,17916303.7685
20241018,9.3969,1.1233,1.229,0.9548,22712047.8108,18158760.8708
20241021,9.5884,1.1462,1.254,1.258,23174907.5342,18528826.9742
20241022,9.8129,1.1731,1.2834,0.9955,23717570.6583,18962697.5783
20241023,9.7865,1.1699,1.2799,0.7888,23653727.9378,18911653.9778
20241024,9.7865,1.1699,1.2799,0.6321,23653727.9378,18911653.9778
20241025,9.7271,1.1628,1.2721,0.7646,23510081.8168,18796805.8768
20241028,9.6875,1.1581,1.267,0.6807,23414317.736,18720240.476
20241029,9.5884,1.1462,1.254,0.682,23174907.5342,18528826.9742
20241030,9.4629,1.1312,1.2376,0.7158,22871654.612,18286369.872
20241031,5.8303,1.151,1.0792,1.1077,23270671.615,18605392.375
20241101,6.1742,1.1501,1.1429,2.3038,24643290.1053,19702829.7853
20241104,6.1022,1.1367,1.1295,1.2982,24355997.8631,19473133.5831
20241105,6.1502,1.1456,1.1384,1.1297,24547526.0246,19626264.3846
20241106,6.0023,1.1181,1.111,1.2221,23956980.8601,19154111.0801
20241107,6.0343,1.124,1.117,1.1705,24084666.3011,19256198.2811
20241108,5.9383,1.1061,1.0992,1.1324,23701609.9782,18949936.6782
20241111,5.8663,1.0927,1.0859,1.0782,23414317.736,18720240.476
20241112,5.7983,1.0801,1.0733,1.0658,23142986.174,18503305.174
20241113,5.8383,1.0875,1.0807,0.7171,23302592.9752,18630914.1752
20241114,5.7503,1.0711,1.0644,0.7617,22951458.0126,18350174.3726
20241115,5.8023,1.0808,1.074,1.1274,23158946.8541,18516066.0741
20241118,5.8543,1.0905,1.0836,1.6212,23366435.6957,18681957.7757
20241119,5.7903,1.0786,1.0718,1.006,23111064.8138,18477783.3738
20241120,5.8063,1.0816,1.0748,0.5434,23174907.5342,18528826.9742
20241121,5.7983,1.0801,1.0733,0.4944,23142986.174,18503305.174
20241122,5.6464,1.0518,1.0452,0.7723,22536480.3294,18018390.9694
20241125,5.5944,1.0421,1.0355,0.7808,22329196.5323,17852704.3123
20241126,5.5305,1.0302,1.0237,0.855,22073823.3054,17648527.5654
20241127,5.5544,1.0346,1.0281,0.6669,22169588.2655,17725093.8455
20241128,5.4265,1.0108,1.0045,0.6438,21658841.8115,17316740.3515
20241129,5.4345,1.0123,1.0059,0.5978,21690763.4649,17342262.4449
20241202,5.5584,1.0354,1.0289,0.6778,22185549.0922,17737854.8922
20241203,5.6944,1.0607,1.054,0.8156,22728217.1994,18171730.4794
20241204,5.6744,1.057,1.0503,0.5314,22648413.066,18107925.246
20241205,5.6224,1.0473,1.0407,0.3872,22440922.3191,17942031.6391
20241206,5.6544,1.0533,1.0466,0.4456,22568608.9326,18044120.0126
20241209,5.6584,1.054,1.0474,0.4762,22584569.7593,18056881.0593
20241210,5.6344,1.0495,1.0429,0.7651,22488804.7992,17980314.7792
20241211,5.6864,1.0592,1.0526,0.6001,22696295.5461,18146208.3861
20241212,5.8024,1.0808,1.074,1.1054,23159159.5199,18516278.7399
20241213,5.7064,1.0629,1.0563,1.0255,22776099.6795,18210013.6195
20241216,5.8704,1.0935,1.0866,1.244,23430493.5736,18733216.5336
20241217,5.9743,1.1129,1.1059,1.5644,23845475.0674,19065003.7474
20241218,5.9903,1.1158,1.1088,0.8797,23909318.3741,19116047.9341
20241219,5.9183,1.1024,1.0955,0.7481,23622023.4938,18886349.0938
20241220,5.7904,1.0786,1.0718,0.7751,23111277.0399,18477995.5999
20241223,5.8744,1.0942,1.0874,0.6528,23446454.4003,18745977.5803
20241224,6.0263,1.1225,1.1155,1.2999,24052965.8143,19230897.3543
20241225,6.0183,1.1211,1.114,0.5884,24021044.1609,19205375.2609
20241226,6.0383,1.1248,1.1177,0.5639,24100848.2944,19269180.4944
20241227,6.0783,1.1322,1.1251,0.767,24260456.5612,19396790.9612
20241230,6.2782,1.1695,1.1621,1.3178,25058497.8955,20034843.2955
20241231,6.1983,1.1546,1.1473,0.9775,24739281.3618,19779622.3618
20250102,6.0103,1.1196,1.1125,1.1265,23989122.5076,19179853.1676
20250103,5.9823,1.1143,1.1073,0.811,23877396.7208,19090525.8408
20250106,5.9783,1.1136,1.1066,0.7041,23861435.8941,19077764.7941
20250107,5.9023,1.0994,1.0925,0.7271,23558180.1871,18835304.9071
20250108,5.8824,1.0957,1.0888,0.7707,23478376.0536,18771499.6736
20250109,5.6504,1.0525,1.0459,1.0839,22552648.1059,18031358.9659
20250110,5.6544,1.0533,1.0466,0.5595,22568608.9326,18044120.0126
20250113,5.6744,1.057,1.0503,0.8199,22648413.066,18107925.246
20250114,5.7944,1.0793,1.0725,0.775,23127237.8666,18490756.6466
20250115,5.8024,1.0808,1.074,0.7967,23159159.5199,18516278.7399
20250116,5.7624,1.0734,1.0666,0.6923,22999551.2531,18388668.2731
20250117,5.7104,1.0637,1.057,0.4835,22792060.5062,18222774.6662
20250120,5.6624,1.0548,1.0481,0.6344,22600530.586,18069642.106
20250121,5.6424,1.051,1.0444,0.5136,22520726.4525,18005836.8725
20250122,5.6184,1.0466,1.04,0.444,22424961.4924,17929270.5924
20250123,5.7224,1.0659,1.0592,0.8086,22839942.9862,18261057.8062
20250124,5.7024,1.0622,1.0555,0.4985,22760138.8528,18197252.5728
20250127,5.7064,1.0629,1.0563,0.5452,22776099.6795,18210013.6195
20250205,5.6344,1.0495,1.0429,0.6518,22488804.7992,17980314.7792
20250206,5.6584,1.054,1.0474,0.4443,22584569.7593,18056881.0593
20250207,5.8384,1.0875,1.0807,1.0342,23302806.9601,18631128.1601
20250210,5.7464,1.0704,1.0637,0.7105,22935707.9463,18337624.0863
20250211,5.8504,1.0898,1.0829,0.8181,23350689.4402,18669411.3002
20250212,5.8544,1.0905,1.0837,0.6586,23366650.2668,18682172.3468
20250213,5.8224,1.0846,1.0777,0.4423,23238963.6534,18580083.9734
20250214,5.8504,1.0898,1.0829,0.4499,23350689.4402,18669411.3002
20250217,5.9223,1.1032,1.0962,0.6931,23637984.3205,18899110.1405
20250218,5.8504,1.0898,1.0829,0.5411,23350689.4402,18669411.3002
20250219,5.8104,1.0823,1.0755,0.5449,23191081.1733,18541800.8333
20250220,5.7384,1.0689,1.0622,0.5346,22903786.293,18312101.993
20250221,5.7384,1.0689,1.0622,0.5069,22903786.293,18312101.993
20250224,5.5904,1.0413,1.0348,1.1799,22313235.7056,17839943.2656
20250225,5.5148,1.0272,1.0208,0.5758,22011165.2229,17598668.6029
20250226,5.5268,1.0295,1.023,0.5734,22059050.2814,17636954.3214
20250227,5.4988,1.0243,1.0178,0.5044,21947318.4783,17547620.9783
20250228,5.4468,1.0146,1.0082,0.5747,21739816.5581,17381716.1981
20250303,5.4068,1.0071,1.0008,0.5606,21580199.6964,17254097.1364
20250304,5.4388,1.0131,1.0067,0.3726,21707893.1858,17356192.3858
20250305,5.4788,1.0205,1.0141,0.4538,21867510.0474,17483811.4474
20250306,5.5068,1.0258,1.0193,0.4822,21979241.8506,17573144.7906
20250307,5.4948,1.0235,1.0171,0.4025,21931356.7921,17534859.0721
20250310,5.5108,1.0265,1.02,0.4772,21995203.5367,17585906.6967
20250311,5.5188,1.028,1.0215,0.3722,22027126.9091,17611430.5091
20250312,5.6387,1.0503,1.0437,0.7543,22505977.4941,17994287.6941
20250313,5.6187,1.0466,1.04,0.6013,22426169.0632,17930478.1632
20250314,5.6867,1.0593,1.0526,0.5834,22697517.7281,18147430.5681
20250317,5.7147,1.0645,1.0578,0.5207,22809249.5312,18236763.9112
20250318,5.7507,1.0712,1.0645,0.6067,22952904.7067,18351621.0667
20250319,5.7027,1.0623,1.0556,0.4258,22761364.4727,18198478.1927
20250320,5.7787,1.0764,1.0696,0.6286,23064636.5099,18440954.4099
20250321,5.7027,1.0623,1.0556,0.6123,22761364.4727,18198478.1927
20250324,4.7462,0.9931,0.9965,1.2052,23304061.8024,18632383.0024
20250325,4.7657,0.9971,1.0006,0.6818,23399831.9194,18708954.4394
20250326,4.7234,0.9883,0.9917,0.5832,23192329.9992,18543049.6592
20250327,4.7104,0.9856,0.989,0.4914,23128483.2545,18492002.0345
20250328,4.6974,0.9829,0.9863,0.4247,23064636.5099,18440954.4099
20250331,4.7299,0.9897,0.9931,0.6118,23224253.3715,18568573.4715
20250401,4.7234,0.9883,0.9917,0.3885,23192329.9992,18543049.6592
20250402,4.7429,0.9924,0.9958,0.4042,23288100.1162,18619621.0962
20250403,4.6032,0.9631,0.9665,0.9583,22601747.6111,18070859.1311
20250407,4.1415,0.8666,0.8695,1.7346,20335188.1755,16258668.4555
20250408,4.2933,0.9037,0.9014,1.4781,21080180.9904,16827673.3704
20250409,4.3579,0.9173,0.915,1.1013,21397414.7148,17080911.4948
20250410,4.5614,0.9601,0.9577,1.1951,22396700.9469,17878611.5869
20250411,4.5226,0.952,0.9496,0.6233,22206360.7122,17726668.7122
20250414,4.5743,0.9629,0.9604,0.6459,22460147.6918,17929259.2118
20250415,4.6066,0.9697,0.9672,0.491,22618764.554,18055878.274
20250416,4.6357,0.9758,0.9733,0.6092,22761519.73,18169835.43
20250417,4.5969,0.9676,0.9652,0.5526,22571179.4953,18017892.5553
20250418,4.5937,0.9669,0.9645,0.3452,22555317.8091,18005230.6491
20250421,4.5808,0.9642,0.9618,0.3537,22491871.0642,17954583.0242
20250422,4.5776,0.9635,0.9611,0.316,22476009.378,17941921.118
20250423,4.6099,0.9703,0.9679,0.3385,22634626.2402,18068540.1802
20250424,4.5969,0.9676,0.9652,0.3778,22571179.4953,18017892.5553
20250425,4.6454,0.9778,0.9753,0.4448,22809104.7887,18207821.1487
20250428,4.6648,0.9819,0.9794,0.4265,22904274.906,18283792.586
20250429,4.6745,0.9839,0.9814,0.3603,22951859.9647,18321778.3047
20250430,4.2149,0.9765,0.9352,0.6173,22777381.4162,18182497.3362
20250506,4.2122,0.9378,0.9346,0.6304,22762704.6527,18435735.4607
20250507,4.2816,0.9532,0.95,0.7178,23137914.07,18739621.21
20250508,4.244,0.9449,0.9417,0.5065,22934675.6356,18575016.4291
20250509,4.3134,0.9603,0.9571,0.6841,23309885.053,18878902.1785
20250512,4.4118,0.9822,0.9789,0.8108,23841431.7276,19309406.9901
20250513,4.5333,1.0093,1.0059,1.5403,24498048.2079,19841207.0514
20250514,4.7358,1.0544,1.0508,2.2918,25592409.0086,20727540.4871
20250515,4.6461,1.0344,1.0309,1.8984,25107763.5111,20335021.3941
20250516,4.6432,1.0337,1.0303,1.124,25092129.7854,20322359.4879
20250519,4.704,1.0473,1.0437,1.1227,25420438.0256,20588259.5186
20250520,4.73,1.0531,1.0495,1.1525,25561141.5571,20702216.6746
20250521,4.8081,1.0705,1.0669,0.9898,25983252.1516,21044088.1426
20250522,4.8342,1.0763,1.0726,0.6895,26123955.6831,21158045.2986
20250523,4.7908,1.0666,1.063,0.8159,25889449.7973,20968116.7053
20250526,4.7792,1.064,1.0604,0.7807,25826914.8944,20917469.0804
20250527,4.6577,1.037,1.0335,0.9662,25170298.414,20385669.019
20250528,4.7069,1.0479,1.0444,0.5805,25436071.7513,20600921.4248
20250529,4.7387,1.055,1.0515,0.6327,25608042.7343,20740202.3933
20250530,4.7258,1.0553,1.0486,0.6288,25538033.2521,20667221.0916
20250603,4.6767,1.0444,1.0377,0.5783,25273148.2214,20452856.9924
20250604,4.6234,1.0325,1.0259,0.4583,24984896.8313,20339747.9778
20250605,4.5632,1.019,1.0125,0.7223,24659612.9916,20074940.3476
20250606,4.5661,1.0197,1.0131,0.405,24675102.6982,20087550.2347
20250609,4.5603,1.0184,1.0119,0.3581,24644123.2849,20062330.4604
20250610,4.5833,1.0235,1.017,0.6218,24768040.9381,20163209.5576
20250611,4.5919,1.0254,1.0189,0.7413,24814510.0581,20201039.2191
20250612,4.5632,1.019,1.0125,0.5001,24659612.9916,20074940.3476
20250613,4.6406,1.0363,1.0297,1.1111,25077835.0712,20415407.3007
20250616,4.6205,1.0318,1.0252,0.5025,24969407.1246,20327138.0906
20250617,4.6836,1.0459,1.0392,0.6991,25310259.2435,20604634.1805
20250618,4.6836,1.0459,1.0392,0.4285,25310259.2435,20604634.1805
20250619,4.6206,1.0318,1.0252,0.6034,24969484.6393,20327215.6053
20250620,4.6807,1.0453,1.0386,0.5297,25294769.4888,20592024.2453
20250623,4.6635,1.0414,1.0348,0.8333,25201830.9604,20516364.6339
20250624,4.6406,1.0363,1.0297,1.0025,25077912.9224,20415485.1519
20250625,4.3167,1.032,0.9578,1.3184,23327570.6369,18990562.4699
20250626,4.2995,1.0279,0.954,0.6122,23234632.1085,18914902.8585
20250627,4.311,1.0307,0.9565,0.438,23296591.1275,18965342.5995
20250630,4.311,1.0307,0.9565,0.3737,23296591.1275,18965342.5995
20250701,4.3683,1.0444,0.9693,0.5414,23606386.2222,19217541.3042
20250702,4.374,1.0457,0.9705,0.5146,23637365.7317,19242761.1747
20250703,4.4428,1.0622,0.9858,0.5741,24009119.8455,19545399.6205
20250704,4.4371,1.0608,0.9845,0.4419,23978140.336,19520179.75
20250707,4.417,1.056,0.9801,0.323,23869712.0528,19431910.2033
20250708,4.3912,1.0499,0.9744,0.4415,23730304.2601,19318420.7861
20250709,4.3654,1.0437,0.9686,0.3919,23590896.4675,19204931.369
20250710,4.3626,1.043,0.968,0.4544,23575406.7128,19192321.4338
20250711,4.3654,1.0437,0.9686,0.6934,23590896.4675,19204931.369
20250714,4.3941,1.0505,0.975,0.4317,23745794.0149,19331030.7214
20250715,4.3998,1.0519,0.9763,0.4536,23776773.5244,19356250.5919
20250716,4.4113,1.0547,0.9788,0.5006,23838732.5433,19406690.3328
20250717,4.3483,1.0396,0.9648,0.767,23497957.9391,19129271.7576
20250718,4.3826,1.0478,0.9724,0.4244,23683834.9959,19280590.9804
20250721,4.4744,1.0697,0.9928,0.8754,24179507.1476,19684108.9081
20250722,4.6378,1.1088,1.029,1.3237,25062423.1677,20402875.2167
20250723,4.6177,1.104,1.0246,0.8183,24953994.8845,20314605.67
20250724,4.6836,1.1198,1.0392,0.8098,25310259.2435,20604634.1805
20250725,4.7094,1.1259,1.0449,0.9573,25449667.0362,20718123.5977
20250728,4.5776,1.0944,1.0157,1.1598,24737138.3182,20138066.5767
20250729,4.5575,1.0896,1.0112,0.6486,24628710.035,20049797.03
20250730,4.5804,1.0951,1.0163,0.6071,24752628.0729,20150676.5119
20250731,4.483,1.0718,0.9947,0.8366,24225976.4118,19721938.7138
