ts_code,trade_date,open,high,low,close,vol,amount
000300.SH,20230103,3864.8356,3893.9904,3831.245,3887.8992,115051875.0,207540165.9532
000300.SH,20230104,3886.2504,3905.9032,3873.6549,3892.9477,110660743.0,198997711.686
000300.SH,20230105,3913.4928,3974.875,3912.26,3968.5782,116502395.0,256312608.292
000300.SH,20230106,3969.5493,4000.4143,3966.4696,3980.8888,110953038.0,235744305.5822
000300.SH,20230109,3998.5278,4023.0898,3990.7073,4013.1196,117054425.0,233212426.4581
000300.SH,20230110,4014.7125,4030.4574,4002.2297,4017.4737,101751141.0,214871166.2395
000300.SH,20230111,4019.8844,4043.3991,4008.0153,4010.0309,99997889.0,203000262.9606
000300.SH,20230112,4021.7547,4030.2876,4003.5079,4017.8692,90552627.0,183686268.1068
000300.SH,20230113,4032.2906,4074.3772,4027.8864,4074.3772,95871896.0,212173997.4984
000300.SH,20230116,4077.8793,4177.1035,4076.6394,4137.9643,151395455.0,319007749.3713
000300.SH,20230117,4138.8433,4148.5838,4118.157,4137.2422,95479040.0,204381576.5234
000300.SH,20230118,4140.1019,4151.4577,4125.7687,4130.3143,84200645.0,172126171.8192
000300.SH,20230119,4125.5772,4156.0077,4105.9797,4156.0077,94608398.0,192699589.7741
000300.SH,20230120,4166.8444,4189.831,4161.6698,4181.5267,123553809.0,222342455.1007
000300.SH,20230130,4267.6248,4268.1522,4197.8596,4201.345,164607064.0,330193322.0922
000300.SH,20230131,4200.5813,4212.7347,4153.0484,4156.8578,124550835.0,249365321.6271
000300.SH,20230201,4170.1322,4195.9332,4137.7659,4195.9332,141008954.0,265553944.7093
000300.SH,20230202,4207.4123,4207.4123,4170.5565,4181.1493,133823736.0,262497434.837
000300.SH,20230203,4162.0258,4162.0258,4103.1654,4141.6319,117041221.0,226914770.0439
000300.SH,20230206,4103.8307,4105.9445,4065.2224,4086.8779,110192717.0,226345113.9687
000300.SH,20230207,4098.3117,4107.3438,4077.9623,4094.2335,91360072.0,183537351.5771
000300.SH,20230208,4099.8573,4111.4745,4072.6474,4076.1411,84786099.0,170591751.8173
000300.SH,20230209,4067.5631,4130.8565,4064.7489,4130.8565,102289961.0,211722604.8592
000300.SH,20230210,4124.0986,4125.2893,4092.3472,4106.3097,96716733.0,195348320.5734
000300.SH,20230213,4098.8795,4146.45,4092.2729,4143.574,128892577.0,251990181.5539
000300.SH,20230214,4151.247,4152.0487,4125.2583,4145.2902,102499890.0,204915435.7499
000300.SH,20230215,4146.8547,4153.7159,4115.9671,4123.6893,121664508.0,219855528.9664
000300.SH,20230216,4125.4087,4167.9003,4068.8591,4093.4876,159310585.0,281315625.5886
000300.SH,20230217,4086.2237,4104.6398,4032.9285,4034.507,116142589.0,225737746.955
000300.SH,20230220,4039.9623,4134.8623,4035.4762,4133.4896,161794481.0,280122962.1504
000300.SH,20230221,4130.0632,4151.7994,4116.2716,4144.3536,145776173.0,249674201.0482
000300.SH,20230222,4118.9669,4134.8759,4101.8596,4106.9506,104290295.0,191586158.9912
000300.SH,20230223,4106.2136,4132.3896,4088.2073,4103.6463,103564906.0,197193582.4301
000300.SH,20230224,4100.9897,4102.6094,4048.2374,4061.0457,100989425.0,191210465.0532
000300.SH,20230227,4040.4571,4067.0296,4034.5237,4043.8444,93787630.0,187959491.1453
000300.SH,20230228,4058.1298,4074.2639,4026.4476,4069.4587,110323591.0,198799712.3791
000300.SH,20230301,4068.7331,4135.4812,4061.2167,4126.9415,156015794.0,255374791.0157
000300.SH,20230302,4119.9919,4137.2525,4113.8264,4117.7377,148217637.0,235953764.9695
000300.SH,20230303,4126.0183,4135.2116,4100.3827,4130.5513,160331741.0,226914545.6284
000300.SH,20230306,4131.1525,4132.8367,4088.4484,4109.0102,162971807.0,283079861.9715
000300.SH,20230307,4103.6419,4124.9609,4046.5679,4048.8519,195912068.0,272491994.0092
000300.SH,20230308,4030.7387,4037.287,4011.5231,4034.1077,117936493.0,191659655.1909
000300.SH,20230309,4035.8433,4043.8493,4000.8901,4019.8505,116539629.0,201737990.6868
000300.SH,20230310,3991.7959,4004.3612,3966.428,3967.1352,123855409.0,218286956.131
000300.SH,20230313,3962.6426,4008.686,3962.6426,4008.686,143561370.0,242865516.7576
000300.SH,20230314,3999.8803,4001.9415,3946.9405,3984.6956,150544174.0,267224848.8105
000300.SH,20230315,4011.8444,4018.7495,3986.902,3986.902,142026007.0,232101093.9786
000300.SH,20230316,3958.1962,3981.321,3936.4758,3939.1505,152515644.0,246264286.428
000300.SH,20230317,3971.1585,4004.2153,3945.2501,3958.8194,177433818.0,305541015.5561
000300.SH,20230320,3962.6625,3979.5485,3935.0161,3939.077,205264970.0,319760032.638
000300.SH,20230321,3948.1573,3982.7047,3948.1573,3982.3782,145090679.0,251631985.0169
000300.SH,20230322,3993.7849,4016.4495,3986.7093,3999.4427,149228970.0,265180992.1041
000300.SH,20230323,3985.9928,4039.0895,3983.9986,4039.0895,158887421.0,296479529.467
000300.SH,20230324,4035.1564,4037.8417,4017.0028,4027.0457,159442330.0,295785588.9431
000300.SH,20230327,4023.3028,4023.3028,3987.0297,4012.4771,168482279.0,315474696.948
000300.SH,20230328,4015.6973,4023.7834,3994.5999,3999.5147,131895117.0,248736920.9718
000300.SH,20230329,4013.5926,4017.7572,3992.6662,4006.144,133743510.0,263866922.7331
000300.SH,20230330,4009.5573,4040.5023,3983.8958,4038.5257,149901037.0,280004715.991
000300.SH,20230331,4045.4538,4063.5675,4039.9587,4050.9257,138842546.0,279863685.781
000300.SH,20230403,4059.6227,4094.9376,4059.0607,4090.5676,182124313.0,382895558.426
000300.SH,20230404,4089.2932,4103.1583,4080.0682,4103.1052,197146631.0,394443175.1462
000300.SH,20230406,4084.132,4098.8332,4078.4048,4096.64,150703374.0,328981851.5883
000300.SH,20230407,4096.9009,4131.3126,4092.1848,4123.2799,128676738.0,286567771.8831
000300.SH,20230410,4132.0096,4132.2952,4099.0519,4104.8118,152453002.0,340822557.2076
000300.SH,20230411,4108.5062,4116.1247,4083.4946,4100.1479,153901333.0,324192951.9987
000300.SH,20230412,4102.3968,4108.2451,4090.2784,4097.2876,165965278.0,325425226.4032
000300.SH,20230413,4081.3871,4088.8809,4059.5744,4068.9786,156444295.0,300291020.7529
000300.SH,20230414,4078.9703,4098.2151,4075.2049,4091.9988,150695682.0,306201501.4387
000300.SH,20230417,4090.0719,4149.3836,4089.509,4149.3836,188773095.0,341831272.7927
000300.SH,20230418,4139.3088,4169.6678,4138.4618,4162.032,170184130.0,331545662.3156
000300.SH,20230419,4159.3938,4159.3938,4118.6261,4124.5589,162554592.0,312219504.5226
000300.SH,20230420,4122.9461,4125.8231,4094.0022,4113.0192,162706677.0,332172409.512
000300.SH,20230421,4114.2642,4114.2642,4031.9123,4032.5672,180802435.0,347852011.6025
000300.SH,20230424,4031.303,4033.6367,3967.907,3982.6429,170099217.0,328375614.6743
000300.SH,20230425,3985.1055,3991.6868,3925.436,3962.6658,172555409.0,331110619.7677
000300.SH,20230426,3950.2553,3975.6562,3934.6625,3959.2323,162702006.0,322062811.3335
000300.SH,20230427,3948.0313,3999.1302,3942.8152,3988.4185,153828195.0,304804002.5574
000300.SH,20230428,3993.2561,4030.4469,3993.2561,4029.0858,179508488.0,328936294.0252
000300.SH,20230504,4013.4713,4035.7832,4001.1259,4030.2471,227582846.0,345492506.0493
000300.SH,20230505,4031.0946,4047.6015,3998.392,4016.8774,206626924.0,307694489.937
000300.SH,20230508,4028.1056,4070.7724,4018.9608,4062.6624,255583085.0,359539954.1701
000300.SH,20230509,4065.439,4092.8501,4026.3886,4027.8754,279306048.0,396422120.4206
000300.SH,20230510,4017.9358,4019.0587,3984.6287,3996.8695,207552709.0,309484851.7411
000300.SH,20230511,4005.7823,4018.0579,3988.4816,3990.6637,144804619.0,241052071.4316
000300.SH,20230512,3987.769,3999.3831,3937.5274,3937.7622,144421728.0,228992923.3881
000300.SH,20230515,3938.83,3998.8872,3923.0317,3998.8872,176257362.0,279531163.5084
000300.SH,20230516,4002.5237,4005.015,3966.9921,3978.2054,136833271.0,234840652.671
000300.SH,20230517,3971.7017,3982.6044,3945.7137,3960.165,118448185.0,205195685.9764
000300.SH,20230518,3965.5162,3982.7178,3939.5526,3956.0701,136533947.0,229134184.4129
000300.SH,20230519,3946.2215,3967.2816,3928.316,3944.5403,120212479.0,207094944.7813
000300.SH,20230522,3941.0015,3985.4031,3935.8015,3969.3277,109116605.0,202185550.2459
000300.SH,20230523,3968.2346,3971.939,3913.1882,3913.1882,118685077.0,189955815.34
000300.SH,20230524,3903.7818,3903.7818,3859.0935,3859.0935,137258265.0,211768410.5202
000300.SH,20230525,3851.4053,3861.3815,3817.8365,3850.4996,124150770.0,213313620.0553
000300.SH,20230526,3848.4174,3859.6291,3815.5701,3850.9511,100326439.0,191537814.8725
000300.SH,20230529,3862.0838,3866.7238,3819.1822,3833.9416,131859967.0,230095604.8134
000300.SH,20230530,3827.7924,3844.0052,3789.2736,3837.7531,137619629.0,244566265.5349
000300.SH,20230531,3827.1634,3827.1634,3781.4034,3798.5434,126387368.0,235606123.9476
000300.SH,20230601,3788.5902,3832.2051,3786.7344,3806.8679,134561881.0,241829546.4094
000300.SH,20230602,3821.6198,3865.2843,3821.6198,3861.8337,125015110.0,232696547.1308
000300.SH,20230605,3860.5557,3860.5557,3832.4578,3844.2492,116163989.0,211144360.1437
000300.SH,20230606,3840.4587,3867.8452,3802.8449,3808.1629,125781258.0,222091722.5922
000300.SH,20230607,3815.4823,3823.1124,3780.1021,3789.3418,98862432.0,189879792.1796
000300.SH,20230608,3791.0826,3834.3888,3777.7752,3820.1867,118700934.0,199119300.6497
000300.SH,20230609,3822.4088,3836.7026,3811.2189,3836.7026,134319863.0,247296087.0709
000300.SH,20230612,3827.3253,3859.7156,3813.8577,3844.4324,126758543.0,240791270.4735
000300.SH,20230613,3838.1287,3867.3034,3833.4598,3864.9074,110924946.0,225435215.3149
000300.SH,20230614,3872.7155,3891.6656,3862.0609,3864.0247,124955759.0,243932581.1839
000300.SH,20230615,3871.7746,3925.4994,3871.7746,3925.4994,128369938.0,282635910.8942
000300.SH,20230616,3932.2114,3968.0128,3928.5419,3963.3509,139760076.0,280374762.8378
000300.SH,20230619,3957.0327,3957.0327,3922.4742,3930.9079,134905848.0,268213068.5798
000300.SH,20230620,3926.094,3937.4945,3918.473,3924.2377,122520318.0,266274081.2868
000300.SH,20230621,3909.1044,3920.1276,3864.0323,3864.0323,118346575.0,243630705.5915
000300.SH,20230626,3833.4436,3841.2862,3801.0537,3809.6962,133990419.0,247713845.7795
000300.SH,20230627,3811.6872,3851.8957,3806.3242,3845.4334,116992681.0,210097713.6876
000300.SH,20230628,3836.6086,3846.8516,3808.1607,3840.7986,107021541.0,206187959.8768
000300.SH,20230629,3836.7305,3840.7132,3817.3759,3821.8435,98289274.0,204110031.4078
000300.SH,20230630,3816.3345,3860.0311,3813.552,3842.4516,101268429.0,208146272.9093
000300.SH,20230703,3853.2919,3897.3273,3853.2919,3892.8821,133158051.0,256876520.2117
000300.SH,20230704,3888.0328,3899.9755,3878.3978,3899.0133,109494527.0,216335611.4218
000300.SH,20230705,3895.1945,3899.5188,3864.1301,3868.8054,97636384.0,188400265.0506
000300.SH,20230706,3857.0304,3876.8901,3836.4573,3842.7547,100121842.0,184742420.8623
000300.SH,20230707,3831.5955,3844.8438,3819.0772,3825.6988,100906920.0,173918560.673
000300.SH,20230710,3841.5591,3865.4566,3831.92,3844.3269,92033441.0,185360813.1107
000300.SH,20230711,3853.7955,3870.6549,3844.5244,3869.4861,86510716.0,177585694.3683
000300.SH,20230712,3864.6013,3874.0403,3838.5632,3843.4369,111522024.0,214046519.0561
000300.SH,20230713,3855.662,3901.1023,3855.662,3898.4229,120300232.0,235278706.8345
000300.SH,20230714,3904.6033,3908.4871,3893.7862,3899.1027,122364846.0,220230466.5229
000300.SH,20230717,3881.6225,3881.6225,3852.2626,3867.1749,98340144.0,174623552.8074
000300.SH,20230718,3871.0444,3871.0444,3844.5129,3854.9393,91438615.0,167104315.1171
000300.SH,20230719,3848.4826,3860.0092,3830.4073,3850.8663,79585700.0,151311481.0298
000300.SH,20230720,3857.7725,3875.6241,3818.7134,3823.6946,92042076.0,174320872.1398
000300.SH,20230721,3816.9835,3849.5109,3808.803,3821.91,79507563.0,157144211.2093
000300.SH,20230724,3803.3492,3828.7853,3798.8048,3805.221,75483545.0,151448369.5662
000300.SH,20230725,3866.6445,3915.8148,3866.6445,3915.1153,163066320.0,299853562.1681
000300.SH,20230726,3908.174,3912.9834,3893.3987,3907.0128,107881717.0,192912604.792
000300.SH,20230727,3914.2298,3935.3578,3894.6923,3902.3458,110667109.0,196845425.5133
000300.SH,20230728,3889.7929,4000.919,3886.5535,3992.7376,179735481.0,310092467.4045
000300.SH,20230731,4018.8895,4064.3621,4002.0784,4014.6301,199606830.0,366544120.0036
000300.SH,20230801,4009.1831,4031.7008,3983.0273,3998.001,142286859.0,255620773.6376
000300.SH,20230802,3985.6951,4008.3343,3958.5127,3969.895,125855690.0,204875690.9238
000300.SH,20230803,3962.1296,4004.9996,3962.1296,4004.9839,129006640.0,224809824.8203
000300.SH,20230804,4033.7239,4058.2431,4011.6202,4020.5792,178267189.0,316529733.8377
000300.SH,20230807,4002.9677,4002.9677,3977.0173,3990.1531,121310662.0,227090572.7509
000300.SH,20230808,3980.0423,4002.2904,3963.4632,3979.7322,109871699.0,202611335.3138
000300.SH,20230809,3967.3566,3982.1091,3961.8434,3967.5652,94640269.0,174394242.7653
000300.SH,20230810,3962.8569,3976.4637,3945.3869,3975.7166,97176849.0,175646730.1982
000300.SH,20230811,3977.9834,3977.9834,3884.2538,3884.2538,126082931.0,203546314.6474
000300.SH,20230814,3840.8872,3859.4718,3814.0711,3855.9061,115966336.0,197623765.2464
000300.SH,20230815,3858.3662,3865.284,3811.6839,3846.5357,103097111.0,177437071.6925
000300.SH,20230816,3830.8274,3852.4198,3817.6324,3818.3338,94616946.0,169323869.0276
000300.SH,20230817,3801.1969,3836.1507,3782.4967,3831.1008,98415493.0,174093848.2429
000300.SH,20230818,3832.4554,3844.195,3784.0038,3784.0038,95549638.0,168445686.9882
000300.SH,20230821,3773.225,3782.1112,3729.555,3729.555,98708369.0,173379942.9066
000300.SH,20230822,3748.0675,3770.0556,3704.6785,3758.2271,120318327.0,203463879.6718
000300.SH,20230823,3751.7736,3756.1659,3695.0309,3696.6339,97081638.0,160476231.5869
000300.SH,20230824,3711.5403,3748.8567,3701.5717,3723.4293,119614521.0,196257391.0837
000300.SH,20230825,3703.5136,3734.2185,3695.8442,3709.1517,105182610.0,175601437.1729
000300.SH,20230828,3911.5485,3911.5485,3740.5279,3752.6194,197990379.0,335047670.9668
000300.SH,20230829,3743.0534,3810.3772,3742.0758,3790.1067,152486146.0,262134936.751
000300.SH,20230830,3803.1191,3813.7032,3780.2411,3788.5097,129671661.0,226727480.8387
000300.SH,20230831,3786.9261,3793.9972,3762.0046,3765.2678,118961646.0,193577001.342
000300.SH,20230901,3778.9129,3808.5306,3778.9129,3791.4912,105319045.0,172219141.5861
000300.SH,20230904,3812.9873,3854.2605,3804.5886,3848.9517,142385201.0,237934727.9243
000300.SH,20230905,3839.5779,3839.5779,3814.3338,3820.3174,104052333.0,181377877.9553
000300.SH,20230906,3808.1,3817.5239,3790.8949,3812.0283,93442393.0,166081524.0072
000300.SH,20230907,3802.2272,3802.2272,3756.853,3758.4748,95103903.0,164405748.8275
000300.SH,20230908,3747.6509,3753.263,3724.987,3739.9927,71638166.0,129197657.3031
000300.SH,20230911,3740.5846,3788.3219,3734.7228,3767.537,105358016.0,186871759.4413
000300.SH,20230912,3764.3331,3775.093,3755.4162,3760.6048,79385378.0,140117510.2333
000300.SH,20230913,3759.6091,3768.8162,3719.1114,3736.6513,81576901.0,138238089.9125
000300.SH,20230914,3736.9355,3748.8177,3717.3107,3733.5077,100386075.0,151578100.4639
000300.SH,20230915,3740.7853,3749.0247,3699.3806,3708.7766,109395689.0,180398970.9383
000300.SH,20230918,3698.9344,3737.5306,3691.1107,3727.711,86727741.0,156966973.9105
000300.SH,20230919,3723.4244,3724.0717,3702.6934,3720.5021,83199038.0,135216895.2294
000300.SH,20230920,3715.9578,3718.5207,3705.1274,3705.6898,75448209.0,117691805.9572
000300.SH,20230921,3698.313,3708.4557,3672.4448,3672.4448,83031005.0,135011796.5552
000300.SH,20230922,3672.6402,3740.4183,3664.7661,3738.9327,110231166.0,192236467.3628
000300.SH,20230925,3738.0622,3738.0622,3711.2049,3714.6037,92596479.0,155793827.3615
000300.SH,20230926,3711.7106,3723.8481,3692.6172,3692.8928,78044525.0,137808437.7748
000300.SH,20230927,3694.9607,3731.1405,3694.3938,3700.495,91629210.0,164790435.2658
000300.SH,20230928,3711.2117,3716.0569,3685.3001,3689.5172,85221719.0,153500421.344
000300.SH,20231009,3678.929,3694.1713,3641.9966,3684.7272,102148058.0,178072374.7481
000300.SH,20231010,3696.2542,3701.2562,3655.589,3657.1259,99163730.0,161938958.9248
000300.SH,20231011,3674.7514,3689.5347,3658.355,3667.5483,102091587.0,187667554.1266
000300.SH,20231012,3697.9337,3711.4985,3682.8418,3702.3824,114363225.0,194598219.8173
000300.SH,20231013,3677.9585,3678.1913,3652.3094,3663.4104,98287987.0,170152309.003
000300.SH,20231016,3664.039,3664.039,3615.7686,3626.5972,91853118.0,159537973.5984
000300.SH,20231017,3635.2994,3645.5654,3619.1277,3639.4018,90745188.0,147056233.3474
000300.SH,20231018,3631.0671,3632.0579,3608.9768,3610.5767,94545879.0,158982356.6674
000300.SH,20231019,3588.5154,3588.5154,3532.3059,3533.5445,111737520.0,189194781.8439
000300.SH,20231020,3518.3464,3535.6623,3501.725,3510.5889,98518605.0,169591289.1453
000300.SH,20231023,3500.199,3505.3468,3450.6456,3474.2438,96561652.0,152054894.179
000300.SH,20231024,3481.7644,3495.0039,3453.1016,3487.1302,115547289.0,186529203.442
000300.SH,20231025,3524.2965,3531.8314,3500.9154,3504.4576,128009617.0,203691741.1192
000300.SH,20231026,3484.7807,3515.5716,3478.0503,3514.1448,105143566.0,176088467.2258
000300.SH,20231027,3501.171,3576.5861,3494.5488,3562.3851,120225108.0,224301960.437
000300.SH,20231030,3554.1055,3592.7188,3554.0238,3583.7718,144010426.0,242973328.0944
000300.SH,20231031,3581.6759,3581.6759,3554.5822,3572.5056,112587267.0,196317658.3241
000300.SH,20231101,3605.7576,3606.4126,3564.6421,3571.0268,97645538.0,182943566.4353
000300.SH,20231102,3580.0672,3597.1699,3553.7406,3554.1889,90359643.0,149465055.4339
000300.SH,20231103,3558.5303,3596.101,3558.5303,3584.1364,97542101.0,165865989.2003
000300.SH,20231106,3608.3187,3635.7897,3600.6304,3632.6084,152982463.0,254465948.1104
000300.SH,20231107,3623.7849,3628.4615,3606.2975,3619.7593,110288591.0,190433605.3107
000300.SH,20231108,3610.6434,3627.0479,3591.8248,3611.0723,110594230.0,192594372.3525
000300.SH,20231109,3603.1082,3624.4141,3601.3744,3612.8263,111872057.0,189355228.5917
000300.SH,20231110,3596.0688,3599.4519,3576.1011,3586.4893,102107034.0,166924677.3283
000300.SH,20231113,3593.9109,3599.3897,3562.7682,3579.4141,96707649.0,164821249.6247
000300.SH,20231114,3581.1034,3600.1483,3568.882,3582.0584,100884158.0,165935163.4262
000300.SH,20231115,3616.8765,3620.6007,3596.9158,3607.2454,104929218.0,188932150.5006
000300.SH,20231116,3600.9813,3605.2898,3572.3636,3572.3641,87464780.0,146629217.1578
000300.SH,20231117,3561.3112,3573.6819,3547.0287,3568.0685,87319207.0,139621898.7052
000300.SH,20231120,3569.7314,3586.9731,3545.1038,3576.3233,91080445.0,157449634.694
000300.SH,20231121,3587.8779,3615.0569,3575.682,3581.0674,108594314.0,175922105.9299
000300.SH,20231122,3569.4389,3574.3782,3544.4162,3544.4162,84784381.0,136041195.5389
000300.SH,20231123,3541.4416,3562.0675,3529.939,3561.5204,84800167.0,141499811.4909
000300.SH,20231124,3560.6462,3560.6462,3533.9955,3538.0087,85018403.0,140101998.5553
000300.SH,20231127,3534.4445,3534.4445,3492.8623,3511.9424,99102314.0,155975437.0357
000300.SH,20231128,3510.6554,3521.0463,3501.1093,3518.5232,89335789.0,147740535.8624
000300.SH,20231129,3518.8836,3519.198,3482.2444,3488.3073,98841412.0,155948235.9759
000300.SH,20231130,3485.5171,3505.1273,3481.4515,3496.2028,101350820.0,153790180.6533
000300.SH,20231201,3494.2234,3494.2234,3452.1728,3482.8813,108530941.0,176078323.4694
000300.SH,20231204,3481.0449,3488.133,3459.611,3460.138,97156826.0,164664395.2929
000300.SH,20231205,3450.0898,3450.0898,3393.8139,3394.2571,100472007.0,164840691.1121
000300.SH,20231206,3387.8798,3420.2773,3382.9457,3399.598,105805519.0,172142987.7249
000300.SH,20231207,3394.3064,3404.4074,3369.7675,3391.2823,97713248.0,160949948.1973
000300.SH,20231208,3391.8585,3409.3845,3383.4479,3399.4618,129522054.0,203034222.5611
000300.SH,20231211,3378.0517,3426.6106,3346.8902,3419.4548,139626249.0,219761181.4231
000300.SH,20231212,3409.9976,3427.5456,3406.1013,3426.803,105590013.0,166979964.7797
000300.SH,20231213,3418.6413,3418.6413,3369.605,3369.605,95285367.0,165455928.3756
000300.SH,20231214,3387.3847,3399.1394,3350.7648,3351.9639,83655135.0,150245775.7364
000300.SH,20231215,3365.9388,3388.5047,3339.519,3341.5517,97787783.0,164907019.3721
000300.SH,20231218,3329.191,3352.3458,3314.9095,3329.3657,90526826.0,142303319.4189
000300.SH,20231219,3325.6596,3345.7795,3313.1874,3334.0412,83808118.0,135293655.3961
000300.SH,20231220,3334.332,3338.5434,3297.3652,3297.5022,92412868.0,141290542.8023
000300.SH,20231221,3285.6049,3339.3552,3283.9883,3330.8698,102546198.0,171120780.5795
000300.SH,20231222,3329.4668,3359.0601,3315.8976,3337.2281,105220133.0,167336342.3092
000300.SH,20231225,3330.3333,3348.882,3330.3333,3347.4508,74542693.0,121838327.0711
000300.SH,20231226,3345.3952,3345.4171,3315.937,3324.7902,74732935.0,121689997.4346
000300.SH,20231227,3326.9267,3341.2659,3309.6731,3336.3572,94403928.0,140924923.6748
000300.SH,20231228,3335.5572,3423.4018,3331.2082,3414.5403,148064851.0,245855634.4643
000300.SH,20231229,3411.1094,3432.5412,3409.5795,3431.1099,114928932.0,193573180.5151
000300.SH,20240102,3426.2684,3426.2684,3386.3522,3386.3522,116180726.0,184096097.4487
000300.SH,20240103,3379.7501,3392.8504,3362.6617,3378.2971,105613851.0,165099018.6425
000300.SH,20240104,3375.0207,3375.0207,3323.8647,3347.0519,106721013.0,165512262.6986
000300.SH,20240105,3341.3061,3372.5444,3313.5542,3329.1114,126400574.0,182251664.9481
000300.SH,20240108,3322.6051,3333.516,3283.3421,3286.0564,117429485.0,170761644.8734
000300.SH,20240109,3286.7083,3304.6008,3273.8431,3292.4994,109330465.0,172276323.0452
000300.SH,20240110,3281.6692,3312.9161,3268.2471,3277.129,94199366.0,159777649.8381
000300.SH,20240111,3275.3086,3311.1137,3266.7911,3295.6717,108789735.0,180978533.5555
000300.SH,20240112,3284.358,3310.4704,3279.6987,3284.1667,96853555.0,156536022.2919
000300.SH,20240115,3270.1029,3306.9217,3261.2687,3280.9195,88851530.0,144331722.4306
000300.SH,20240116,3272.571,3300.8762,3260.4362,3300.8762,113276665.0,175650587.4889
000300.SH,20240117,3291.1392,3291.1392,3229.082,3229.082,108769728.0,173516385.1747
000300.SH,20240118,3214.2844,3279.2538,3171.6329,3274.7286,174909168.0,256784536.828
000300.SH,20240119,3261.2393,3286.9415,3251.8136,3269.7763,118501408.0,191261807.0988
000300.SH,20240122,3262.4685,3281.4205,3193.1776,3218.9016,148705628.0,225510031.8443
000300.SH,20240123,3208.4316,3249.5306,3188.1259,3231.9329,122012000.0,193791168.6242
000300.SH,20240124,3245.9592,3281.4892,3190.4674,3277.1089,154371954.0,219036341.6245
000300.SH,20240125,3274.3391,3344.2426,3269.7943,3342.9189,196833614.0,265521114.9543
000300.SH,20240126,3326.6465,3351.9692,3315.1265,3333.8213,180664005.0,238144899.501
000300.SH,20240129,3335.3936,3351.3715,3303.9604,3303.9604,184164795.0,244698013.5933
000300.SH,20240130,3283.8977,3300.204,3244.9719,3245.0387,143649350.0,199592929.9117
000300.SH,20240131,3231.5425,3252.1475,3201.9264,3215.3518,153143469.0,215333349.9212
000300.SH,20240201,3202.2564,3251.7582,3191.8968,3217.7109,145516792.0,203815063.2325
000300.SH,20240202,3219.8734,3235.4079,3108.3515,3179.6276,173758089.0,234495151.557
000300.SH,20240205,3164.25,3233.8485,3111.5184,3200.4218,203042970.0,279713141.5072
000300.SH,20240206,3185.2498,3314.512,3182.8216,3311.6922,202713099.0,285042020.9459
000300.SH,20240207,3314.0306,3343.6303,3289.6704,3343.6303,216647933.0,297997664.5752
000300.SH,20240208,3351.4052,3367.2101,3336.9779,3364.9297,189977578.0,270239765.211
000300.SH,20240219,3393.1916,3403.8078,3364.1418,3403.8078,183319800.0,267674145.1473
000300.SH,20240220,3395.1916,3415.8943,3380.103,3410.8542,140734581.0,218459281.946
000300.SH,20240221,3390.3619,3500.1338,3383.6911,3456.8713,188879362.0,291823544.6082
000300.SH,20240222,3450.3518,3486.6826,3448.4135,3486.6747,141020784.0,225098128.8727
000300.SH,20240223,3491.3367,3507.5592,3472.968,3489.7416,144821273.0,232926057.1139
000300.SH,20240226,3485.5427,3492.6061,3445.3889,3453.3585,151248331.0,238951637.715
000300.SH,20240227,3440.0516,3494.7874,3437.4422,3494.7874,139528246.0,244488721.2508
000300.SH,20240228,3499.8257,3521.6574,3450.2598,3450.2598,189837548.0,328300591.2564
000300.SH,20240229,3437.8984,3516.0826,3437.8984,3516.0826,155944532.0,281971899.2882
000300.SH,20240301,3515.0587,3544.3595,3503.459,3537.8038,162709570.0,288575619.2245
000300.SH,20240304,3538.366,3548.6901,3519.7599,3540.8686,163244613.0,297719931.8093
000300.SH,20240305,3524.9644,3570.6935,3519.0816,3565.5143,166422389.0,299895929.7091
000300.SH,20240306,3556.5323,3577.3883,3545.1013,3551.0481,143076613.0,248294165.7074
000300.SH,20240307,3548.1007,3569.9185,3522.8964,3529.7195,148110510.0,251839533.0361
000300.SH,20240308,3529.5509,3548.5055,3511.577,3544.9099,125792664.0,225379101.014
000300.SH,20240311,3545.9427,3589.2635,3542.2789,3589.2635,148202825.0,286418582.1546
000300.SH,20240312,3592.5826,3605.6976,3574.2117,3597.4939,180685560.0,339997042.3371
000300.SH,20240313,3594.4211,3594.4211,3563.3685,3572.361,144590590.0,266898756.3798
000300.SH,20240314,3571.7885,3597.46,3545.612,3562.2229,140962722.0,263803609.3352
000300.SH,20240315,3554.9068,3572.8091,3533.6798,3569.993,138316044.0,243991558.3662
000300.SH,20240318,3577.0564,3604.0519,3573.404,3603.528,160379438.0,295314840.611
000300.SH,20240319,3593.3396,3610.7389,3577.188,3577.6303,145571786.0,259553448.4134
000300.SH,20240320,3568.7158,3589.5456,3568.4341,3585.3838,129528966.0,223752103.8862
000300.SH,20240321,3593.07,3601.1145,3575.0331,3581.0902,130743377.0,233162492.6296
000300.SH,20240322,3571.2736,3575.7171,3522.8404,3545.0023,139227358.0,248850931.0222
000300.SH,20240325,3536.7136,3564.9604,3525.7634,3525.7634,137015724.0,233747256.2351
000300.SH,20240326,3526.6818,3547.6461,3518.6018,3543.7467,126209535.0,226730734.8441
000300.SH,20240327,3538.7244,3542.9624,3502.7866,3502.7866,128626763.0,216404726.5659
000300.SH,20240328,3498.482,3551.2143,3489.3861,3520.9648,143334717.0,232530806.3345
000300.SH,20240329,3516.883,3538.2378,3516.883,3537.4843,128643290.0,201749384.3567
000300.SH,20240401,3551.5815,3600.9193,3551.5815,3595.6466,162776561.0,251637272.8451
000300.SH,20240402,3593.2206,3596.1903,3568.7539,3580.6759,141272972.0,220207515.5429
000300.SH,20240403,3578.6835,3582.4324,3558.874,3567.8031,135592331.0,214222897.5801
000300.SH,20240408,3553.5554,3567.82,3535.7688,3536.4077,155304283.0,243249251.6872
000300.SH,20240409,3533.3849,3543.7141,3518.8601,3533.4871,129670942.0,195893525.5747
000300.SH,20240410,3528.9679,3531.2295,3490.0525,3504.7086,128790274.0,199754768.6261
000300.SH,20240411,3485.0294,3520.5893,3484.9252,3504.2447,126534395.0,200293481.8857
000300.SH,20240412,3505.7499,3516.6988,3470.0611,3475.8389,128921116.0,208566204.7029
000300.SH,20240415,3473.5047,3552.4125,3473.5047,3549.0759,183941250.0,267472484.531
000300.SH,20240416,3533.3636,3545.5034,3503.6158,3511.1146,176153065.0,253315972.2723
000300.SH,20240417,3509.1318,3565.9389,3498.0324,3565.403,168466398.0,244987812.7532
000300.SH,20240418,3550.5562,3602.7902,3547.5996,3569.8018,178574105.0,261329927.2684
000300.SH,20240419,3550.6087,3560.9492,3529.3237,3541.6619,147281505.0,226229520.1213
000300.SH,20240422,3536.1844,3558.1642,3528.0186,3530.9045,150579042.0,229511183.118
000300.SH,20240423,3525.6681,3533.7584,3499.9838,3506.2249,143113504.0,213257232.2107
000300.SH,20240424,3514.0108,3524.537,3495.6494,3521.6219,121739851.0,195299919.7462
000300.SH,20240425,3510.6396,3543.9699,3505.1999,3530.2813,115187722.0,184524622.0007
000300.SH,20240426,3531.9647,3588.4003,3531.9647,3584.2686,197216133.0,308045062.2507
000300.SH,20240429,3584.5427,3645.8229,3578.7597,3623.9124,222721381.0,358709708.8376
000300.SH,20240430,3619.2586,3630.7092,3604.3943,3604.3943,191296899.0,286674161.7578
000300.SH,20240506,3654.0485,3668.2565,3645.738,3657.8767,208018007.0,333270472.13
000300.SH,20240507,3657.0007,3665.684,3648.376,3659.0076,164834286.0,247368347.9831
000300.SH,20240508,3650.7484,3650.9355,3628.6984,3630.2233,130035336.0,199923460.3498
000300.SH,20240509,3630.4142,3669.7593,3630.4142,3664.561,146559017.0,232694927.9409
000300.SH,20240510,3669.0869,3674.6088,3641.7639,3666.2771,150720536.0,233730562.0745
000300.SH,20240513,3646.3491,3673.6211,3634.6049,3664.6907,157267455.0,249688465.0729
000300.SH,20240514,3668.2254,3675.776,3646.7092,3657.0454,133406490.0,214643548.2138
000300.SH,20240515,3651.0536,3656.5277,3624.002,3626.0559,123522764.0,191480969.4351
000300.SH,20240516,3636.6007,3657.4831,3626.334,3640.3592,154630503.0,240288953.464
000300.SH,20240517,3638.5613,3677.9696,3627.447,3677.9696,164570417.0,247729525.1922
000300.SH,20240520,3682.0615,3703.0287,3677.4426,3690.9623,184609423.0,279971341.5204
000300.SH,20240521,3682.2868,3684.6106,3665.1524,3676.1611,130678283.0,196575354.8779
000300.SH,20240522,3675.6471,3691.8804,3667.0885,3684.451,151914605.0,230839373.5049
000300.SH,20240523,3672.8403,3674.3654,3633.5051,3641.7917,142572990.0,214205039.0307
000300.SH,20240524,3630.827,3650.8734,3599.6678,3601.4754,124791177.0,195344742.1559
000300.SH,20240527,3606.645,3638.1514,3603.7131,3635.7079,131272644.0,206143742.5356
000300.SH,20240528,3633.2535,3638.9703,3605.9213,3609.1724,123532238.0,184381267.9791
000300.SH,20240529,3609.0708,3633.1971,3602.8198,3613.5223,115906321.0,179072813.2776
000300.SH,20240530,3607.0522,3624.0352,3586.7543,3594.3121,122602995.0,193069647.0508
000300.SH,20240531,3599.8196,3614.6439,3579.9247,3579.9247,112462019.0,180707602.9317
000300.SH,20240603,3577.3798,3600.6044,3567.8713,3588.7483,141054591.0,222756928.1744
000300.SH,20240604,3583.8104,3622.5012,3580.2771,3615.6714,124545096.0,195790966.2338
000300.SH,20240605,3610.3601,3623.3232,3594.1056,3594.7936,110906766.0,182639598.8749
000300.SH,20240606,3602.1554,3625.0109,3584.171,3592.2454,137893517.0,226764072.6392
000300.SH,20240607,3594.6335,3603.0698,3552.0853,3574.1143,131103026.0,213001530.0978
000300.SH,20240611,3555.8186,3565.3113,3525.8945,3542.8771,134522306.0,219282337.214
000300.SH,20240612,3539.0947,3551.1706,3531.5657,3544.1225,122813729.0,200722600.6311
000300.SH,20240613,3548.2162,3551.0771,3520.1802,3526.1306,123245462.0,214792338.4493
000300.SH,20240614,3514.7998,3547.1473,3503.5233,3541.5331,171516942.0,283768816.845
000300.SH,20240617,3521.4365,3540.7932,3520.7381,3536.1986,137433438.0,232293851.8939
000300.SH,20240618,3533.4875,3551.7085,3532.7845,3545.5902,123671838.0,208824124.156
000300.SH,20240619,3543.3599,3543.3599,3524.8449,3528.749,106642797.0,184790298.7286
000300.SH,20240620,3525.1687,3533.9865,3500.131,3503.2817,111617396.0,186515776.5747
000300.SH,20240621,3496.3428,3505.5123,3473.8283,3495.6198,109186615.0,182736735.0668
000300.SH,20240624,3473.6392,3505.7752,3471.2164,3476.8102,117990184.0,195787549.3136
000300.SH,20240625,3475.1648,3483.2189,3440.6464,3457.9023,118448118.0,190886336.7624
000300.SH,20240626,3451.5389,3487.3964,3442.2982,3480.2648,105898861.0,171538111.7023
000300.SH,20240627,3467.2888,3471.1423,3452.5775,3454.1175,114918101.0,174112508.7961
000300.SH,20240628,3443.6744,3484.678,3443.6744,3461.657,135409153.0,205118806.8118
000300.SH,20240701,3458.2636,3479.9548,3443.8086,3478.1827,121829770.0,188018227.7748
000300.SH,20240702,3472.4527,3488.3189,3464.5237,3471.7857,121650121.0,186104752.4219
000300.SH,20240703,3471.5556,3478.7047,3454.9942,3463.4141,103857108.0,163035359.3631
000300.SH,20240704,3468.2958,3483.3098,3444.928,3445.8128,104429909.0,159477153.5695
000300.SH,20240705,3443.3588,3451.0386,3399.6693,3431.0605,116609659.0,181416567.4028
000300.SH,20240708,3420.8033,3428.0418,3395.9123,3401.7604,115528218.0,177559765.8275
000300.SH,20240709,3396.8044,3448.9279,3384.8086,3439.8111,131629443.0,215048837.8198
000300.SH,20240710,3425.8818,3447.505,3423.6483,3428.9657,127203456.0,198149476.8491
000300.SH,20240711,3451.0442,3473.9837,3438.118,3468.169,145892466.0,237551298.4816
000300.SH,20240712,3459.9564,3479.0958,3457.3633,3472.4014,130874589.0,205055553.8564
000300.SH,20240715,3462.6113,3481.4613,3460.7915,3476.2467,118517083.0,171584915.3795
000300.SH,20240716,3466.8523,3500.2943,3464.3655,3498.2827,120659017.0,200456285.0775
000300.SH,20240717,3494.209,3514.4753,3486.2229,3501.5836,131802062.0,222830802.5284
000300.SH,20240718,3483.2975,3522.7995,3475.7236,3520.931,123768199.0,215783795.7026
000300.SH,20240719,3500.8052,3545.3383,3493.0734,3539.0156,132447975.0,228065104.129
000300.SH,20240722,3538.4012,3540.1874,3494.0143,3514.9249,132126337.0,217457320.4039
000300.SH,20240723,3509.7887,3509.7887,3439.8779,3439.8779,128897660.0,202857560.1687
000300.SH,20240724,3432.3459,3451.4196,3408.4129,3418.1663,127036263.0,184884499.7868
000300.SH,20240725,3404.611,3415.8557,3383.7991,3399.2716,131022242.0,190131464.8347
000300.SH,20240726,3403.7084,3420.8201,3388.6601,3409.2931,124195558.0,187853329.4778
000300.SH,20240729,3404.3663,3408.5024,3388.8444,3390.742,109787786.0,166697103.8231
000300.SH,20240730,3380.6893,3380.6893,3352.8043,3369.3821,104952164.0,165442824.4902
000300.SH,20240731,3364.0268,3445.0042,3364.0268,3442.0844,171959177.0,258249147.3364
000300.SH,20240801,3443.1397,3448.3361,3419.1872,3419.2666,136323464.0,206038002.5177
000300.SH,20240802,3393.9167,3419.1023,3380.9645,3384.3919,116615255.0,179671192.4276
000300.SH,20240805,3362.1117,3409.0314,3343.3205,3343.3205,142812516.0,223631266.5632
000300.SH,20240806,3367.3517,3376.7956,3318.6251,3342.9789,119340279.0,181724693.8475
000300.SH,20240807,3338.5909,3362.3839,3329.9658,3341.489,95084377.0,145078975.3255
000300.SH,20240808,3332.4281,3364.7855,3320.8432,3342.9369,92495695.0,149482926.2265
000300.SH,20240809,3358.128,3366.6688,3331.6274,3331.6274,91511626.0,142852166.5592
000300.SH,20240812,3327.5561,3338.0771,3319.8908,3325.8645,79938754.0,117544892.7265
000300.SH,20240813,3328.0138,3335.014,3310.1909,3334.3903,84489679.0,125259155.343
000300.SH,20240814,3332.7866,3332.7866,3309.1,3309.2389,78742407.0,118181952.0042
000300.SH,20240815,3301.4455,3356.7644,3297.9711,3341.953,104766399.0,149249335.4255
000300.SH,20240816,3342.0346,3356.9071,3335.6239,3345.634,96519083.0,135885323.083
000300.SH,20240819,3344.2614,3375.9621,3343.7116,3356.9677,105571110.0,143421671.3373
000300.SH,20240820,3361.6394,3362.3338,3321.6397,3332.7034,101668331.0,137910585.0916
000300.SH,20240821,3322.9134,3339.443,3307.9917,3321.635,89954751.0,130005992.5633
000300.SH,20240822,3322.8723,3327.6962,3305.2453,3313.1357,100366504.0,147702791.5606
000300.SH,20240823,3305.9307,3336.2414,3305.6403,3327.1905,89525774.0,132680886.4997
000300.SH,20240826,3330.7184,3336.5271,3311.5701,3324.2231,93990772.0,139070603.958
000300.SH,20240827,3315.686,3320.5667,3299.5635,3305.3338,95808157.0,129755962.8644
000300.SH,20240828,3298.9089,3305.3496,3274.5881,3286.4956,92696650.0,135982310.9646
000300.SH,20240829,3273.541,3290.7857,3269.5288,3277.6812,130702333.0,174340106.3926
000300.SH,20240830,3273.7532,3351.6254,3273.6496,3321.4323,188695443.0,268376041.2109
000300.SH,20240902,3307.5432,3307.7627,3264.7565,3265.011,147612353.0,194409996.3483
000300.SH,20240903,3261.741,3281.5935,3261.1877,3273.4282,122897306.0,155089488.5353
000300.SH,20240904,3253.898,3272.9861,3249.9809,3252.1649,104832482.0,140070063.0769
000300.SH,20240905,3252.96,3266.882,3247.1725,3257.7578,97109450.0,134618198.8937
000300.SH,20240906,3261.1542,3274.8144,3231.0685,3231.3457,88400417.0,121541545.9057
000300.SH,20240909,3214.7996,3222.9278,3180.9277,3192.9516,108673069.0,146516054.4605
000300.SH,20240910,3193.4557,3205.0972,3171.7932,3195.7552,97290078.0,133610476.1315
000300.SH,20240911,3187.0508,3197.3363,3174.0343,3186.1299,102482110.0,141513837.1353
000300.SH,20240912,3189.4271,3201.5544,3171.8775,3172.4747,92868657.0,136387244.6371
000300.SH,20240913,3174.0344,3188.9145,3159.247,3159.247,88336677.0,137448911.3974
000300.SH,20240918,3158.8179,3179.9012,3145.7908,3171.0102,84722814.0,123452147.9689
000300.SH,20240919,3178.3959,3213.8378,3149.7925,3196.0357,125439272.0,181785109.7127
000300.SH,20240920,3192.4322,3207.9875,3173.2238,3201.0497,118064098.0,163985054.9569
000300.SH,20240923,3200.8678,3230.1613,3198.0248,3212.7639,95344855.0,143876166.8609
000300.SH,20240924,3244.6468,3351.9684,3222.4885,3351.909,204072217.0,307879526.8475
000300.SH,20240925,3403.7021,3465.4882,3393.438,3401.533,241564255.0,356862584.9395
000300.SH,20240926,3399.3188,3545.3249,3391.6772,3545.3204,243134010.0,373983643.0448
000300.SH,20240927,3617.9203,3708.4951,3596.5833,3703.6849,265487774.0,466692757.4818
000300.SH,20240930,3846.6515,4038.6968,3796.5045,4017.8545,510217707.0,862528807.4192
000300.SH,20241008,4450.3675,4450.3675,4094.3519,4256.0962,589867894.0,1130387437.1301
000300.SH,20241009,4168.8436,4197.6,3942.5118,3955.9839,482269295.0,1029032062.1934
000300.SH,20241010,3979.6116,4098.4967,3912.7708,3997.7879,395053099.0,717952217.5126
000300.SH,20241011,3969.7576,3978.2389,3847.1228,3887.167,274096505.0,484998267.2956
000300.SH,20241014,3915.2186,3979.5431,3868.779,3961.3424,307578993.0,534076602.2155
000300.SH,20241015,3942.5342,3967.8712,3855.9949,3855.9949,242486448.0,434410916.7235
000300.SH,20241016,3806.1373,3877.7483,3805.0868,3831.589,218866407.0,377301324.4264
000300.SH,20241017,3853.841,3882.0733,3787.7498,3788.2217,212313820.0,369170521.6345
000300.SH,20241018,3780.3143,3998.214,3765.1615,3925.234,312958834.0,620673701.8941
000300.SH,20241021,3946.9016,3979.2638,3896.165,3935.1974,291185634.0,600109598.9491
000300.SH,20241022,3923.7443,3965.9084,3917.5218,3957.7755,223433396.0,442881846.8137
000300.SH,20241023,3955.3191,4012.1795,3939.0986,3973.2089,245873949.0,469120806.2721
000300.SH,20241024,3950.8987,3957.9832,3914.0887,3928.8334,174724062.0,340486884.4853
000300.SH,20241025,3931.3205,3992.8918,3921.9396,3956.421,210694885.0,412231378.4304
000300.SH,20241028,3953.1063,3964.1569,3917.2042,3964.1569,216160415.0,390450182.338
000300.SH,20241029,3970.008,3991.3091,3921.5795,3924.649,217293984.0,429625020.4048
000300.SH,20241030,3904.1595,3926.0581,3864.3051,3889.4487,219436626.0,385010582.2332
000300.SH,20241031,3888.4229,3923.8997,3859.1079,3891.0396,300636718.0,515533818.945
000300.SH,20241101,3882.4579,3933.2204,3879.9588,3890.0203,307986481.0,476472952.0283
000300.SH,20241104,3897.7144,3944.7619,3891.2109,3944.7619,229239060.0,381048606.0681
000300.SH,20241105,3937.6228,4046.6977,3925.4138,4044.5725,316862794.0,580971852.7237
000300.SH,20241106,4051.2891,4091.7031,4002.5027,4024.2831,335807938.0,639124093.9118
000300.SH,20241107,3987.2665,4146.151,3984.6652,4145.6952,341436414.0,658145920.9481
000300.SH,20241108,4192.0794,4200.908,4094.1631,4104.047,332350385.0,688446559.7722
000300.SH,20241111,4066.9336,4132.5111,4048.039,4131.1312,289594227.0,625605935.91
000300.SH,20241112,4133.3528,4181.7096,4060.7936,4085.743,297778086.0,660380524.8206
000300.SH,20241113,4059.5898,4121.0735,4059.5898,4110.8901,240484099.0,512734303.1194
000300.SH,20241114,4101.2228,4118.1686,4034.9441,4039.6191,230152784.0,464157560.7551
000300.SH,20241115,4025.6482,4049.071,3968.8308,3968.8308,247399463.0,474079686.5882
000300.SH,20241118,3982.1036,4034.0596,3931.1872,3950.3806,306777946.0,472408054.8307
000300.SH,20241119,3954.6038,3979.1505,3896.7493,3976.8912,242946465.0,402610970.3401
000300.SH,20241120,3966.1238,4001.0847,3958.3383,3985.7727,184599372.0,347577693.0995
000300.SH,20241121,3979.4554,3999.5693,3966.0658,3989.2979,166125927.0,324235010.779
000300.SH,20241122,3984.2435,3990.2647,3865.6989,3865.6989,216285809.0,397566831.8478
000300.SH,20241125,3875.6126,3889.7069,3812.3179,3848.0909,190702953.0,349006773.1801
000300.SH,20241126,3836.259,3875.229,3833.2842,3840.1847,149892441.0,264403254.83
000300.SH,20241127,3829.3442,3907.164,3817.9125,3907.0447,174136096.0,320632355.477
000300.SH,20241128,3904.2525,3908.3918,3866.0136,3872.5505,150117291.0,286432871.2235
000300.SH,20241129,3869.8903,3962.7002,3869.8903,3916.5832,187656713.0,375262017.9192
000300.SH,20241202,3909.7029,3955.1252,3902.1697,3947.632,197289784.0,368591235.9908
000300.SH,20241203,3946.7034,3963.9474,3922.8425,3951.8912,182496867.0,327295048.7008
000300.SH,20241204,3948.13,3957.365,3917.7467,3930.5568,174626318.0,312040419.0815
000300.SH,20241205,3916.5638,3936.3358,3910.0834,3921.5881,138534038.0,257716297.9965
000300.SH,20241206,3923.8954,3995.1168,3923.8954,3973.1405,192057907.0,351751735.425
000300.SH,20241209,3970.6628,3995.5116,3948.4206,3966.5708,175959958.0,308227216.7029
000300.SH,20241210,4094.05,4098.3804,3988.9676,3995.6369,253463795.0,487278042.807
000300.SH,20241211,3988.0179,4005.3253,3977.3522,3988.8308,177252846.0,310713317.8954
000300.SH,20241212,3987.1525,4031.7441,3981.3485,4028.5048,181621777.0,333667518.4014
000300.SH,20241213,4000.9854,4000.9854,3931.7392,3933.1808,230353079.0,421478609.274
000300.SH,20241216,3930.7807,3938.7595,3901.6465,3911.8416,178511251.0,327619081.5813
000300.SH,20241217,3908.1263,3955.945,3908.1263,3922.0334,160939090.0,306037370.8467
000300.SH,20241218,3934.5425,3956.1441,3933.9693,3941.89,157738321.0,276825381.2243
000300.SH,20241219,3911.8901,3954.3491,3899.7479,3945.4635,161081040.0,321771606.9334
000300.SH,20241220,3937.4722,3958.6336,3923.2562,3927.7441,154986496.0,332143276.3977
000300.SH,20241223,3928.1493,3965.8502,3928.1493,3933.5718,190067362.0,354063425.2087
000300.SH,20241224,3934.9422,3985.8588,3934.7338,3983.6882,161494589.0,310384873.2942
000300.SH,20241225,3987.9557,4007.7626,3969.4766,3985.6291,159390747.0,299295145.7931
000300.SH,20241226,3981.7317,3991.5331,3965.5461,3987.4801,143425286.0,305769929.4027
000300.SH,20241227,3987.0189,4007.1314,3970.9365,3981.0307,169268666.0,345011075.199
000300.SH,20241230,3976.7004,4005.778,3976.7004,3999.0549,164612485.0,322699390.1918
000300.SH,20241231,3995.8705,4004.3462,3934.9109,3934.9109,183928397.0,347880439.5304
000300.SH,20250102,3931.8155,3934.2034,3796.3389,3820.3952,217898724.0,388636586.6393
000300.SH,20250103,3825.2426,3835.9353,3767.6653,3775.1648,175342676.0,304322755.4359
000300.SH,20250106,3775.9902,3788.8489,3743.0727,3768.9697,150946670.0,262803541.1162
000300.SH,20250107,3760.866,3797.602,3749.0581,3796.1055,146455779.0,266855795.3474
000300.SH,20250108,3781.261,3810.7355,3731.1887,3789.2153,169166968.0,300965725.4327
000300.SH,20250109,3780.7341,3795.2608,3768.681,3779.8773,129794002.0,251486002.8198
000300.SH,20250110,3778.8928,3786.8069,3732.4806,3732.4806,137523171.0,275354209.0643
000300.SH,20250113,3704.4442,3737.8852,3704.1073,3722.513,136446199.0,247861953.1967
000300.SH,20250114,3728.5561,3826.6399,3718.8768,3820.5395,170664657.0,345461480.0636
000300.SH,20250115,3810.0353,3816.8284,3790.1655,3796.026,141475520.0,278850595.5317
000300.SH,20250116,3812.1935,3842.947,3776.2861,3800.3836,144505871.0,305734630.7713
000300.SH,20250117,3788.3729,3831.6404,3780.2133,3812.3429,126621961.0,265437489.5936
000300.SH,20250120,3835.3042,3858.6677,3821.9815,3829.6764,139581277.0,292175449.1086
000300.SH,20250121,3850.3563,3850.9106,3817.1214,3832.6145,141218406.0,285073351.6934
000300.SH,20250122,3823.9447,3823.9447,3783.1438,3797.0166,137255062.0,298745637.5514
000300.SH,20250123,3829.0462,3864.2585,3801.8531,3803.7439,180569551.0,345198071.1139
000300.SH,20250124,3793.8498,3847.6003,3793.4836,3832.8637,148971722.0,296474375.4691
000300.SH,20250127,3836.9578,3851.9969,3817.0802,3817.0802,146670772.0,282940127.5406
000300.SH,20250205,3844.6998,3844.6998,3785.162,3795.0848,157168308.0,346016202.0252
000300.SH,20250206,3789.6086,3843.4942,3788.3196,3842.8314,167288176.0,371891971.1014
000300.SH,20250207,3844.0574,3919.3499,3833.8685,3892.7028,221857707.0,487381557.0782
000300.SH,20250210,3898.1023,3906.3678,3878.8314,3901.0618,188903040.0,384968342.8743
000300.SH,20250211,3905.1594,3905.1594,3872.9087,3883.1352,166574909.0,337866056.1159
000300.SH,20250212,3875.9596,3920.7229,3867.3538,3919.8617,164228540.0,354830596.2979
000300.SH,20250213,3913.9044,3939.1978,3904.9845,3905.1398,172485874.0,376473453.3066
000300.SH,20250214,3900.8274,3942.0356,3900.8274,3939.0085,172976452.0,360974236.8544
000300.SH,20250217,3954.4147,3955.8959,3921.7017,3947.3983,213588246.0,430929575.5632
000300.SH,20250218,3942.5761,3965.4232,3901.8675,3912.7829,209425101.0,400186229.9407
000300.SH,20250219,3906.2201,3943.6742,3904.1455,3940.1602,182829517.0,363680372.5627
000300.SH,20250220,3934.6503,3940.678,3916.1772,3928.8959,163895236.0,325972429.3626
000300.SH,20250221,3938.0518,3981.048,3927.7874,3978.444,227400330.0,504645493.5771
000300.SH,20250224,3972.4831,3995.9456,3949.2309,3969.7169,220810618.0,455088749.6845
000300.SH,20250225,3933.636,3955.4336,3915.6527,3925.6505,178108580.0,377981451.2504
000300.SH,20250226,3931.842,3960.3298,3925.3664,3959.9413,191062501.0,386458193.7626
000300.SH,20250227,3961.0635,3973.9323,3933.4611,3968.1159,202887963.0,428272792.6676
000300.SH,20250228,3950.1866,3972.4813,3886.3994,3890.0487,198104147.0,420308043.4501
000300.SH,20250303,3899.6962,3930.0048,3872.5872,3888.4738,177623166.0,356057735.014
000300.SH,20250304,3865.9939,3890.4235,3855.7254,3885.2208,149850967.0,297739246.8023
000300.SH,20250305,3887.7992,3906.4214,3877.0188,3902.5706,158652751.0,290860484.5049
000300.SH,20250306,3923.3827,3964.4942,3917.0833,3956.2369,193960915.0,397419427.6427
000300.SH,20250307,3944.9145,3967.0743,3935.0464,3944.0143,166732375.0,340626700.2855
000300.SH,20250310,3945.5795,3949.1448,3905.127,3928.8018,152765232.0,292574987.4809
000300.SH,20250311,3890.4305,3941.4157,3889.4298,3941.4157,144754402.0,287480453.1198
000300.SH,20250312,3946.8623,3953.6125,3921.4736,3927.2315,156732190.0,309627267.3648
000300.SH,20250313,3925.7439,3939.2854,3897.3758,3911.5793,156536443.0,295173112.5796
000300.SH,20250314,3919.6159,4014.1586,3919.6159,4006.5567,216139003.0,450895278.803
000300.SH,20250317,4020.6402,4021.7278,3992.2563,3996.7876,162202911.0,318904417.4183
000300.SH,20250318,4011.7794,4016.873,3995.9602,4007.7229,140208496.0,292739319.5446
000300.SH,20250319,4004.8251,4025.299,3989.512,4010.168,144419428.0,286075300.7953
000300.SH,20250320,4011.0588,4012.0416,3969.9259,3974.9918,133754670.0,260020676.8258
000300.SH,20250321,3966.5146,3983.1476,3904.7674,3914.6956,165905294.0,309348613.9354
000300.SH,20250324,3916.1136,3938.1826,3907.1999,3934.8486,152234674.0,266051442.6127
000300.SH,20250325,3937.8975,3946.3574,3921.5287,3932.2951,140475399.0,239246310.9858
000300.SH,20250326,3930.2073,3942.026,3916.8607,3919.3566,131164187.0,220943164.4862
000300.SH,20250327,3911.3841,3952.9852,3903.652,3932.4117,126793738.0,232173613.774
000300.SH,20250328,3930.7763,3934.2336,3907.384,3915.1662,126356214.0,213379194.2893
000300.SH,20250331,3905.9815,3928.4482,3872.403,3887.3056,166798523.0,268480316.5723
000300.SH,20250401,3892.7794,3905.2622,3882.4045,3887.6841,140380274.0,246041674.6702
000300.SH,20250402,3884.4181,3900.4949,3877.1599,3884.3858,113043175.0,198267515.3424
000300.SH,20250403,3843.4177,3883.7025,3843.4177,3861.5034,142599789.0,263684681.5451
000300.SH,20250407,3675.2017,3707.7771,3514.1165,3589.4406,312578586.0,512971787.7446
000300.SH,20250408,3597.9859,3650.759,3583.8746,3650.759,280197312.0,464021087.8375
000300.SH,20250409,3606.1036,3686.7943,3587.3368,3686.7943,262305708.0,455031069.2898
000300.SH,20250410,3749.1262,3756.1386,3708.8194,3735.1151,227252227.0,403842564.8555
000300.SH,20250411,3730.3148,3762.3653,3708.4617,3750.5167,168759691.0,318535141.9044
000300.SH,20250414,3772.0407,3776.6344,3754.033,3759.1422,164462403.0,292571297.0391
000300.SH,20250415,3756.4788,3764.486,3737.8495,3761.2348,134006040.0,228604621.3758
000300.SH,20250416,3757.8757,3775.1661,3721.6025,3772.8204,156359006.0,261711094.7685
000300.SH,20250417,3755.0862,3779.1253,3749.504,3772.2221,122371002.0,209012323.0662
000300.SH,20250418,3760.0425,3782.0443,3754.4072,3772.523,102948509.0,173109384.0972
000300.SH,20250421,3768.1421,3790.1782,3763.1383,3784.8806,121355730.0,208085677.3821
000300.SH,20250422,3780.1122,3799.2295,3778.0791,3783.9522,125688257.0,210200698.7937
000300.SH,20250423,3803.4295,3807.9536,3780.5183,3786.8824,131986870.0,247117386.1221
000300.SH,20250424,3787.459,3807.2599,3775.207,3784.3574,117164560.0,205483051.375
000300.SH,20250425,3792.0838,3801.5765,3780.7772,3786.9937,124591133.0,220535052.6193
000300.SH,20250428,3786.3867,3792.0082,3772.8029,3781.6188,125145091.0,210635318.5232
000300.SH,20250429,3776.0025,3785.3157,3768.0311,3775.0767,111514694.0,197462744.3625
000300.SH,20250430,3775.8306,3787.5639,3768.7573,3770.5705,143681658.0,244820462.2176
000300.SH,20250506,3794.3757,3809.0939,3782.777,3808.5424,158520459.0,267937090.7574
000300.SH,20250507,3861.5767,3863.6776,3814.9868,3831.627,161172299.0,286010735.4534
000300.SH,20250508,3820.5481,3867.3313,3816.2642,3852.8963,124959833.0,246987280.5877
000300.SH,20250509,3848.6187,3853.6632,3836.5349,3846.1566,119389526.0,216697939.6717
000300.SH,20250512,3866.5305,3890.7342,3859.0346,3890.6096,153332460.0,296122947.8078
000300.SH,20250513,3915.5924,3915.5924,3890.6855,3896.2583,147320299.0,267586397.7199
000300.SH,20250514,3894.8386,3960.5228,3890.6504,3943.2108,172033779.0,319465226.8505
000300.SH,20250515,3934.0273,3936.4653,3904.9068,3907.1992,138081749.0,241464943.5536
000300.SH,20250516,3898.6662,3903.8528,3874.8619,3889.0854,118405345.0,208835664.0392
000300.SH,20250519,3882.5677,3885.5889,3866.5695,3877.1453,98643414.0,184888170.5538
000300.SH,20250520,3883.1024,3911.4737,3881.7436,3898.1705,104885234.0,201636702.5218
000300.SH,20250521,3899.4365,3928.6339,3899.4365,3916.3807,109791343.0,217037739.435
000300.SH,20250522,3912.6007,3923.0195,3903.0898,3913.8651,107597052.0,197511410.2708
000300.SH,20250523,3910.3739,3931.5514,3882.2741,3882.2741,120277419.0,232945378.2948
000300.SH,20250526,3875.7891,3884.537,3849.0384,3860.1067,109601207.0,208876792.1489
000300.SH,20250527,3857.6271,3865.4291,3834.8455,3839.3969,98572425.0,178466763.5409
000300.SH,20250528,3843.0747,3849.736,3833.9582,3836.2366,89031026.0,162496372.7275
000300.SH,20250529,3838.0092,3869.7909,3831.4577,3858.6998,108471886.0,209459602.5012
000300.SH,20250530,3850.493,3858.6128,3829.2542,3840.2323,111672228.0,199389751.0711
000300.SH,20250603,3833.4584,3863.2952,3832.7202,3852.0127,131403090.0,226782772.0627
000300.SH,20250604,3855.4878,3875.8569,3855.4878,3868.7429,116803873.0,211736178.1541
000300.SH,20250605,3872.6373,3883.1345,3861.272,3877.5557,122878184.0,231749275.3346
000300.SH,20250606,3878.1027,3889.4557,3869.3871,3873.9841,110987971.0,202034736.3109
000300.SH,20250609,3877.7977,3894.6517,3871.9917,3885.2459,136306293.0,262023668.4655
000300.SH,20250610,3887.5512,3897.4573,3850.4663,3865.4652,145563859.0,263647551.7948
000300.SH,20250611,3870.6719,3911.6107,3870.6719,3894.6252,142414772.0,257217704.4054
000300.SH,20250612,3885.5196,3900.0408,3870.3838,3892.1992,133998697.0,260239581.458
000300.SH,20250613,3881.4923,3889.1602,3853.8186,3864.1822,172539536.0,309172346.1799
000300.SH,20250616,3853.6193,3876.1704,3853.6193,3873.7951,137341835.0,246860982.8633
000300.SH,20250617,3875.1768,3880.4156,3860.409,3870.3786,122342526.0,220399818.9485
000300.SH,20250618,3871.6502,3881.346,3854.6575,3874.9708,127528621.0,230553858.2636
000300.SH,20250619,3870.049,3872.9425,3834.9512,3843.0912,130280658.0,234840180.8055
000300.SH,20250620,3839.7833,3856.4799,3839.7833,3846.6443,118151020.0,213522822.8745
000300.SH,20250623,3831.1703,3867.5896,3827.0829,3857.9016,133800892.0,232482215.8504
000300.SH,20250624,3862.3876,3914.1579,3862.3876,3904.0342,163656188.0,294228720.6125
000300.SH,20250625,3907.0682,3963.0371,3902.1771,3960.0662,187213671.0,361727254.624
000300.SH,20250626,3953.1603,3964.482,3945.2589,3946.0195,165316263.0,328102847.4956
000300.SH,20250627,3949.7879,3969.2626,3918.2041,3921.7578,194557913.0,343468229.8138
000300.SH,20250630,3920.3149,3940.3611,3911.6044,3936.0791,145170236.0,288821434.9214
000300.SH,20250701,3935.9078,3946.2451,3924.7219,3942.762,128959362.0,236070338.3994
000300.SH,20250702,3943.3232,3952.1378,3929.6956,3943.6849,147063062.0,246637847.4538
000300.SH,20250703,3949.3998,3971.616,3945.138,3968.0676,141004006.0,269609569.5387
000300.SH,20250704,3967.4637,4013.8478,3958.3762,3982.2034,157197133.0,290512992.198
000300.SH,20250707,3977.2881,3979.7481,3956.5663,3965.1746,131135273.0,225106992.8759
000300.SH,20250708,3965.426,4002.269,3965.426,3998.4527,156402895.0,292089834.2238
000300.SH,20250709,3997.5044,4016.7434,3987.4267,3991.4006,173293796.0,305398796.5627
000300.SH,20250710,3993.4196,4032.9829,3992.5242,4010.0243,209778904.0,347836703.6263
000300.SH,20250711,4011.4652,4065.9419,4010.1052,4014.807,262052773.0,443780794.8804
000300.SH,20250714,4021.2135,4034.9198,4017.6678,4017.6678,207917175.0,321415945.1571
000300.SH,20250715,4023.9896,4042.6574,3994.2628,4019.0644,191042931.0,353524574.4409
000300.SH,20250716,4019.3925,4027.8567,3993.9209,4007.2019,151027308.0,300656795.6646
000300.SH,20250717,4005.067,4034.5935,4005.067,4034.491,161249041.0,325516865.7227
000300.SH,20250718,4039.8712,4064.6378,4039.3181,4058.5486,186211063.0,354244444.6297
000300.SH,20250721,4069.7685,4086.1171,4063.4427,4085.6072,223268476.0,377938564.8776
000300.SH,20250722,4087.3354,4119.2021,4068.3383,4118.9582,257596985.0,450874014.4794
000300.SH,20250723,4129.1476,4155.6783,4113.9085,4119.7685,300506154.0,470330899.4208
000300.SH,20250724,4116.8312,4152.4265,4111.8849,4149.0368,319632392.0,487000043.8841
000300.SH,20250725,4145.3195,4150.4994,4117.8005,4127.1634,273594963.0,430445513.4709
000300.SH,20250728,4128.1993,4146.12,4112.9677,4135.8242,222759815.0,406792873.9733
000300.SH,20250729,4132.6833,4153.3307,4117.5772,4152.0247,230807880.0,428764310.9738
000300.SH,20250730,4148.9405,4185.2064,4127.4301,4151.2379,249853048.0,445168467.668
000300.SH,20250731,4141.5612,4141.8243,4063.6662,4075.5912,267087406.0,492142571.7388
