ts_code,trade_date,open,high,low,close,pre_close,pct_chg,vol,amount,adj_factor,open_qfq,high_qfq,low_qfq,close_qfq
600036.SH,20230103,37.08,37.78,36.53,37.58,37.26,0.8588,606266.16,2255334.391,5.4146,31.767435325390423,32.36714419075648,31.29623550260281,32.195798800651886
600036.SH,20230104,37.78,38.83,37.53,38.65,37.58,2.8473,836454.11,3207024.324,5.4146,32.36714419075648,33.26670748880556,32.152962453125745,33.11249663771143
600036.SH,20230105,38.99,39.27,38.4,38.5,38.65,-0.3881,619085.19,2398823.818,5.4146,33.40378380088923,33.64366734703565,32.89831490008069,32.98398759513299
600036.SH,20230106,38.66,38.93,37.89,38.38,38.5,-0.3117,590006.99,2255711.424,5.4146,33.12106390721665,33.35238018385785,32.461384155314,32.881180361070236
600036.SH,20230109,38.41,39.1,38.41,38.8,38.38,1.0943,499148.86,1937276.819,5.4146,32.90688216958592,33.498023765446746,32.90688216958592,33.24100568028987
600036.SH,20230110,38.78,38.8,38.16,38.25,38.8,-1.4175,541971.59,2078031.131,5.4146,33.22387114127941,33.24100568028987,32.69270043195519,32.769805857502256
600036.SH,20230111,38.38,39.18,38.14,38.92,38.25,1.7516,541706.98,2107076.772,5.4146,32.881180361070236,33.566561921488585,32.67556589294473,33.34381291435262
600036.SH,20230112,39.11,39.15,38.73,39.05,38.92,0.334,304348.71,1185494.431,5.4146,33.50659103495198,33.540860112972894,33.18103479375326,33.4551874179206
600036.SH,20230113,39.07,39.66,38.97,39.66,39.05,1.5621,463767.08,1825772.733,5.4146,33.47232195693106,33.97779085773959,33.386649261878766,33.97779085773959
600036.SH,20230116,40.0,41.14,39.8,40.47,39.66,2.0424,880468.55,3569434.0,5.4146,34.26907802091739,35.24574674451353,34.09773263081281,34.67173968766317
600036.SH,20230117,40.45,40.94,40.28,40.68,40.47,0.5189,432047.05,1752751.493,5.4146,34.65460514865271,35.07440135440895,34.508961567063814,34.85165234727299
600036.SH,20230118,40.65,40.95,40.23,40.38,40.68,-0.7375,294674.72,1191075.289,5.4146,34.8259505387573,35.082968623914184,34.466125219537666,34.59463426211611
600036.SH,20230119,40.2,40.8,39.92,40.65,40.38,0.6686,472490.21,1910434.244,5.4146,34.440423411021975,34.95445958133573,34.20053986487556,34.8259505387573
600036.SH,20230120,40.98,41.1,40.68,41.05,40.65,0.984,413402.73,1692997.05,5.4146,35.10867043242986,35.21147766649262,34.85165234727299,35.16864131896647
600036.SH,20230130,42.55,42.63,41.85,42.03,41.05,2.3873,1007007.4,4255796.7,5.4146,36.45373174475087,36.522269900792715,35.85402287938482,36.00823373047895
600036.SH,20230131,42.35,42.35,41.21,41.21,42.03,-1.951,642311.85,2677248.182,5.4146,36.282386354646285,36.282386354646285,35.30571763105014,35.30571763105014
600036.SH,20230201,41.64,41.69,39.95,40.54,41.21,-1.6258,916791.3,3709963.959,5.4146,35.674110219775,35.71694656730115,34.22624167339124,34.731710574199774
600036.SH,20230202,40.7,40.75,39.55,40.03,40.54,-1.258,727232.93,2898996.931,5.4146,34.868786886283445,34.91162323380959,33.88355089318207,34.29477982943308
600036.SH,20230203,39.79,39.79,39.01,39.3,40.03,-1.8236,638163.64,2506324.574,5.4146,34.08916536130757,34.08916536130757,33.420918339899686,33.66936915555134
600036.SH,20230206,38.72,38.74,37.88,38.35,39.3,-2.4173,731000.66,2790029.317,5.4146,33.172467524248034,33.18960206325849,32.45281688580877,32.85547855255455
600036.SH,20230207,38.5,38.94,38.16,38.41,38.35,0.1565,426570.86,1643882.586,5.4146,32.98398759513299,33.360947453363075,32.69270043195519,32.90688216958592
600036.SH,20230208,38.5,38.92,38.36,38.49,38.41,0.2083,317065.28,1222704.068,5.4146,32.98398759513299,33.34381291435262,32.86404582205978,32.97542032562776
600036.SH,20230209,38.42,38.89,38.32,38.49,38.49,0.0,498174.81,1920854.681,5.4146,32.915449439091155,33.318111105836934,32.82977674403886,32.97542032562776
600036.SH,20230210,38.3,38.39,37.9,38.16,38.49,-0.8574,411026.39,1567982.948,5.4146,32.812642205028396,32.88974763057547,32.46995142481923,32.69270043195519
600036.SH,20230213,37.9,37.98,37.07,37.72,38.16,-1.153,825181.34,3095654.45,5.4146,32.46995142481923,32.53848958086106,31.75886805588519,32.3157405737251
600036.SH,20230214,37.78,38.06,37.51,38.0,37.72,0.7423,486076.63,1836814.072,5.4146,32.36714419075648,32.6070277369029,32.13582791411528,32.55562411987152
600036.SH,20230215,38.0,38.09,37.0,37.17,38.0,-2.1842,771047.78,2872782.991,5.4146,32.55562411987152,32.632729545418584,31.698897169348587,31.844540750937487
600036.SH,20230216,37.2,37.85,37.02,37.27,37.17,0.269,654152.31,2453427.441,5.4146,31.870242559453175,32.42711507729308,31.716031708359047,31.930213445989782
600036.SH,20230217,37.15,37.38,36.68,36.71,37.27,-1.5025,575812.8,2130963.531,5.4146,31.827406211927027,32.0244534105473,31.424744545181248,31.450446353696936
600036.SH,20230220,36.82,38.51,36.82,38.49,36.71,4.8488,1080228.3,4089276.99,5.4146,31.54468631825446,32.992554864638215,31.54468631825446,32.97542032562776
600036.SH,20230221,38.43,38.82,38.13,38.69,38.49,0.5196,530465.4,2043801.362,5.4146,32.92401670859638,33.25814021930033,32.666998623439504,33.14676571573234
600036.SH,20230222,38.46,38.6,38.14,38.16,38.69,-1.3699,383091.39,1467027.311,5.4146,32.949718517112075,33.06966029018528,32.67556589294473,32.69270043195519
600036.SH,20230223,38.16,38.77,38.16,38.27,38.16,0.2883,370638.24,1423074.975,5.4146,32.69270043195519,33.21530387177418,32.69270043195519,32.78694039651271
600036.SH,20230224,38.17,38.25,37.4,37.46,38.27,-2.1165,533690.15,2011474.6,5.4146,32.701267701460424,32.769805857502256,32.04158794955776,32.092991566589134
600036.SH,20230227,37.27,37.58,37.09,37.16,37.46,-0.8009,449333.67,1674343.23,5.4146,31.930213445989782,32.195798800651886,31.77600259489565,31.83597348143225
600036.SH,20230228,37.17,37.48,36.85,37.31,37.16,0.4037,378225.52,1405386.5,5.4146,31.844540750937487,32.11012610559959,31.57038812677015,31.9644825240107
600036.SH,20230301,37.25,38.34,37.2,38.25,37.31,2.5194,571194.01,2169732.585,5.4146,31.91307890697932,32.84691128304932,31.870242559453175,32.769805857502256
600036.SH,20230302,38.04,38.5,37.77,38.25,38.25,0.0,349070.09,1332878.911,5.4146,32.58989319789244,32.98398759513299,32.35857692125125,32.769805857502256
600036.SH,20230303,38.5,38.77,37.9,38.25,38.25,0.0,357113.9,1365470.222,5.4146,32.98398759513299,33.21530387177418,32.46995142481923,32.769805857502256
600036.SH,20230306,38.02,38.23,36.91,37.0,38.25,-3.268,810519.39,3015166.37,5.4146,32.57275865888198,32.75267131849179,31.62179174380152,31.698897169348587
600036.SH,20230307,36.89,37.48,36.41,36.56,37.0,-1.1892,737411.49,2722185.234,5.4146,31.604657204791064,32.11012610559959,31.19342826854005,31.3219373111185
600036.SH,20230308,36.25,36.32,35.8,36.0,36.56,-1.5317,616583.57,2216886.862,5.4146,31.056351956456382,31.116322842992993,30.670824828721063,30.84217021882565
600036.SH,20230309,36.0,36.08,35.5,35.58,36.0,-1.1667,539996.02,1928666.141,5.4146,30.84217021882565,30.910708374867486,30.413806743564184,30.48234489960602
600036.SH,20230310,35.05,35.66,34.95,35.03,35.58,-1.5458,558453.66,1963698.972,5.4146,30.02827961582886,30.55088305564785,29.942606920776573,30.011145076818405
600036.SH,20230313,34.92,35.38,34.71,35.05,35.03,0.0571,584204.63,2046110.685,5.4146,29.91690511226088,30.310999509501436,29.736992452651066,30.02827961582886
600036.SH,20230314,34.68,34.93,34.34,34.58,35.05,-1.3409,626667.5,2168927.834,5.4146,29.711290644135374,29.925472381766113,29.420003480957586,29.625617949083082
600036.SH,20230315,35.15,35.71,34.88,34.88,34.58,0.8676,676383.78,2380639.264,5.4146,30.113952310881153,30.593719403174,29.88263603423997,29.88263603423997
600036.SH,20230316,34.5,35.15,34.21,34.65,34.88,-0.6594,403894.89,1401995.822,5.4146,29.557079793041247,30.113952310881153,29.308628977389603,29.68558883561969
600036.SH,20230317,35.02,35.37,34.02,34.36,34.65,-0.8369,832715.78,2893458.533,5.4146,30.00257780731318,30.3024322399962,29.145850856790243,29.43713801996804
600036.SH,20230320,34.44,34.91,34.02,34.12,34.36,-0.6985,520725.15,1790157.157,5.4146,29.505676176009874,29.908337842755653,29.145850856790243,29.231523551842532
600036.SH,20230321,34.21,34.5,34.01,34.23,34.12,0.3224,367475.39,1256872.36,5.4146,29.308628977389603,29.557079793041247,29.13728358728501,29.325763516400055
600036.SH,20230322,34.52,34.73,34.28,34.54,34.23,0.9056,459867.4,1587045.184,5.4146,29.574214332051714,29.75412699166152,29.368599863926207,29.591348871062166
600036.SH,20230323,34.4,35.34,34.32,35.2,34.54,1.9108,542146.33,1890730.123,5.4146,29.471407097988955,30.276730431480516,29.40286894194712,30.156788658407308
600036.SH,20230324,34.98,34.98,34.23,34.43,35.2,-2.1875,678718.39,2342134.999,5.4146,29.968308729292257,29.968308729292257,29.325763516400055,29.497108906504643
600036.SH,20230327,34.6,34.6,34.05,34.21,34.43,-0.639,449836.1,1538661.024,5.4146,29.642752488093546,29.642752488093546,29.171552665305924,29.308628977389603
600036.SH,20230328,34.41,34.72,34.18,34.4,34.21,0.5554,533234.36,1834470.874,5.4146,29.479974367494183,29.745559722156294,29.28292716887391,29.471407097988955
600036.SH,20230329,34.61,34.7,34.1,34.12,34.4,-0.814,418630.12,1433206.733,5.4146,29.65131975759877,29.72842518314584,29.21438901283208,29.231523551842532
600036.SH,20230330,34.15,34.39,33.71,34.35,34.12,0.6741,562289.7,1915822.304,5.4146,29.257225360358223,29.46283982848373,28.880265502128132,29.42857075046281
600036.SH,20230331,34.36,34.82,34.14,34.27,34.35,-0.2329,577794.28,1993103.479,5.4146,29.43713801996804,29.83123241720859,29.24865809085299,29.360032594420975
600036.SH,20230403,34.31,34.45,33.98,34.37,34.27,0.2918,504675.01,1727952.628,5.4146,29.394301672441895,29.514243445515103,29.11158177876932,29.445705289473263
600036.SH,20230404,34.38,34.42,34.06,34.28,34.37,-0.2619,487820.66,1668757.196,5.4146,29.4542725589785,29.488541636999418,29.18011993481116,29.368599863926207
600036.SH,20230406,34.17,34.17,33.73,33.8,34.28,-1.4002,486795.67,1650684.312,5.4146,29.274359899368683,29.274359899368683,28.89740004113859,28.957370927675193
600036.SH,20230407,33.85,34.26,33.75,34.14,33.8,1.0059,394141.2,1343439.511,5.4146,29.00020727520134,29.35146532491574,28.91453458014905,29.24865809085299
600036.SH,20230410,34.15,34.3,33.97,34.24,34.14,0.2929,330159.49,1128256.665,5.4146,29.257225360358223,29.38573440293666,29.103014509264096,29.334330785905287
600036.SH,20230411,34.24,34.34,33.63,33.73,34.24,-1.4895,733991.53,2485887.912,5.4146,29.334330785905287,29.420003480957586,28.8117273460863,28.89740004113859
600036.SH,20230412,33.89,33.95,33.66,33.74,33.73,0.0296,416127.69,1403968.679,5.4146,29.03447635322226,29.08587997025364,28.83742915460198,28.905967310643824
600036.SH,20230413,33.65,34.24,33.25,34.01,33.74,0.8002,634304.56,2142100.175,5.4146,28.828861885096753,29.334330785905287,28.486171104887582,29.13728358728501
600036.SH,20230414,34.2,34.79,34.02,34.39,34.01,1.1173,693923.38,2387857.214,5.4146,29.30006170788437,29.805530608692898,29.145850856790243,29.46283982848373
600036.SH,20230417,34.32,35.2,34.1,35.2,34.39,2.3553,893730.12,3107511.587,5.4146,29.40286894194712,30.156788658407308,29.21438901283208,30.156788658407308
600036.SH,20230418,35.21,36.35,35.12,35.68,35.2,1.3636,942714.63,3375509.116,5.4146,30.165355927912533,31.14202465150868,30.08825050236547,30.56801759465831
600036.SH,20230419,35.84,35.84,35.3,35.5,35.68,-0.5045,510886.48,1815680.622,5.4146,30.705093906741983,30.705093906741983,30.242461353459596,30.413806743564184
600036.SH,20230420,35.6,35.74,34.86,34.99,35.5,-1.4366,680915.3,2393722.845,5.4146,30.499479438616476,30.61942121168969,29.86550149522951,29.97687599879749
600036.SH,20230421,34.99,35.18,34.43,34.5,34.99,-1.4004,531591.46,1849378.443,5.4146,29.97687599879749,30.139654119396845,29.497108906504643,29.557079793041247
600036.SH,20230424,34.52,34.69,33.51,33.6,34.5,-2.6087,729873.68,2474101.753,5.4146,29.574214332051714,29.719857913640606,28.70892011202354,28.78602553757061
600036.SH,20230425,33.61,34.14,33.51,34.03,33.6,1.2798,512212.8,1731551.113,5.4146,28.794592807075837,29.24865809085299,28.70892011202354,29.154418126295468
600036.SH,20230426,33.8,33.96,33.35,33.82,34.03,-0.6171,496500.7,1673601.45,5.4146,28.957370927675193,29.094447239758864,28.571843799939874,28.974505466685653
600036.SH,20230427,32.97,32.99,32.14,32.63,33.82,-3.5186,1559279.39,5072330.698,5.4146,28.24628755874116,28.26342209775162,27.535204189807125,27.955000395563363
600036.SH,20230428,32.46,33.75,32.41,33.6,32.63,2.9727,940213.08,3136764.115,5.4146,27.80935681397446,28.91453458014905,27.766520466448313,28.78602553757061
600036.SH,20230504,33.29,34.4,32.83,34.13,33.6,1.5774,725433.03,2457318.979,5.4146,28.520440182908498,29.471407097988955,28.126345785667947,29.240090821347767
600036.SH,20230505,34.18,35.06,34.15,34.69,34.13,1.6408,800889.73,2785096.474,5.4146,29.28292716887391,30.036846885334096,29.257225360358223,29.719857913640606
600036.SH,20230508,34.86,35.95,34.64,35.6,34.69,2.6232,1064265.8,3773892.3,5.4146,29.86550149522951,30.799333871299506,29.677021566114462,30.499479438616476
600036.SH,20230509,35.68,36.1,34.96,34.99,35.6,-1.7135,985529.78,3503564.878,5.4146,30.56801759465831,30.927842913877946,29.9511741902818,29.97687599879749
600036.SH,20230510,34.9,35.12,34.29,34.4,34.99,-1.6862,638373.87,2203715.637,5.4146,29.89977057325042,30.08825050236547,29.37716713343143,29.471407097988955
600036.SH,20230511,34.6,35.33,34.4,34.45,34.4,0.1453,445802.84,1547837.683,5.4146,29.642752488093546,30.268163161975284,29.471407097988955,29.514243445515103
600036.SH,20230512,34.47,34.55,34.0,34.04,34.45,-1.1901,459365.69,1569062.497,5.4146,29.53137798452556,29.59991614056739,29.128716317779784,29.1629853958007
600036.SH,20230515,34.09,34.85,33.71,34.7,34.04,1.9389,528094.53,1811811.263,5.4146,29.205821743326847,29.856934225724277,28.880265502128132,29.72842518314584
600036.SH,20230516,34.95,35.2,34.57,34.82,34.7,0.3458,385248.04,1341479.236,5.4146,29.942606920776573,30.156788658407308,29.617050679577858,29.83123241720859
600036.SH,20230517,34.81,35.13,34.43,34.5,34.82,-0.919,396376.35,1380094.248,5.4146,29.82266514770336,30.0968177718707,29.497108906504643,29.557079793041247
600036.SH,20230518,34.73,34.84,34.21,34.45,34.5,-0.1449,329012.3,1137523.121,5.4146,29.75412699166152,29.848366956219053,29.308628977389603,29.514243445515103
600036.SH,20230519,34.35,34.45,33.94,33.95,34.45,-1.4514,392989.8,1339332.375,5.4146,29.42857075046281,29.514243445515103,29.077312700748404,29.08587997025364
600036.SH,20230522,33.98,34.34,33.98,34.2,33.95,0.7364,296934.41,1014463.033,5.4146,29.11158177876932,29.420003480957586,29.11158177876932,29.30006170788437
600036.SH,20230523,34.21,34.38,33.6,33.6,34.2,-1.7544,346921.26,1177389.441,5.4146,29.308628977389603,29.4542725589785,28.78602553757061,28.78602553757061
600036.SH,20230524,33.59,33.59,32.93,32.93,33.6,-1.994,463998.73,1541649.339,5.4146,28.77745826806538,28.77745826806538,28.21201848072024,28.21201848072024
600036.SH,20230525,32.76,32.76,32.16,32.42,32.93,-1.5487,706051.03,2286618.239,5.4146,28.066374899131343,28.066374899131343,27.55233872881758,27.775087735953548
600036.SH,20230526,32.44,32.86,32.22,32.74,32.42,0.987,294623.74,958855.792,5.4146,27.792222274964,28.152047594183635,27.60374234584896,28.049240360120887
600036.SH,20230529,32.95,32.95,32.44,32.69,32.74,-0.1527,387300.9,1263259.965,5.4146,28.229153019730703,28.229153019730703,27.792222274964,28.006404012594732
600036.SH,20230530,32.69,32.9,32.36,32.64,32.69,-0.153,340071.78,1108840.1,5.4146,28.006404012594732,28.186316672204555,27.72368411892217,27.963567665068595
600036.SH,20230531,32.6,32.8,32.24,32.3,32.64,-1.0417,525413.98,1704091.986,5.4146,27.929298587047676,28.100643977152256,27.62087688485942,27.67228050189079
600036.SH,20230601,32.31,32.5,32.02,32.06,32.3,-0.743,472398.81,1521250.952,5.415,27.682892675748803,27.845682821474345,27.434423505957188,27.468695115583618
600036.SH,20230602,32.22,33.1,32.2,33.07,32.06,3.1503,558856.07,1829053.08,5.415,27.605781554089333,28.359756965870794,27.58864574927612,28.33405325865097
600036.SH,20230605,33.07,33.27,32.84,33.04,33.07,-0.0907,312730.34,1033695.634,5.415,28.33405325865097,28.505411306783124,28.136991503299,28.308349551431146
600036.SH,20230606,33.04,33.8,32.98,33.07,33.04,0.0908,386633.75,1288946.278,5.415,28.308349551431146,28.959510134333314,28.2569421369915,28.33405325865097
600036.SH,20230607,33.25,33.61,33.16,33.3,33.07,0.6955,338906.35,1132209.544,5.415,28.48827550196991,28.796719988607776,28.411164380310435,28.53111501400294
600036.SH,20230608,33.32,34.22,33.22,34.08,33.3,2.3423,549615.01,1859578.016,5.415,28.548250818816157,29.31936203541083,28.462571794750083,29.199411401718326
600036.SH,20230609,34.05,34.25,33.74,33.74,34.08,-0.9977,415108.72,1408235.126,5.415,29.1737076944985,29.345065742630656,28.908102719893673,28.908102719893673
600036.SH,20230612,33.73,33.92,33.38,33.73,33.74,-0.0296,406773.76,1370601.854,5.415,28.899534817487062,29.06232496321261,28.599658233255802,28.899534817487062
600036.SH,20230613,33.56,33.94,33.5,33.73,33.73,0.0,231245.56,779060.071,5.415,28.75388047657474,29.07946076802582,28.702473062135095,28.899534817487062
600036.SH,20230614,33.93,34.04,33.39,33.39,33.73,-1.008,382633.1,1289658.685,5.415,29.070892865619214,29.165139792091896,28.60822613566241,28.60822613566241
600036.SH,20230615,33.5,33.79,33.31,33.72,33.39,0.9883,369537.06,1239411.035,5.415,28.702473062135095,28.95094223192671,28.539682916409554,28.890966915080455
600036.SH,20230616,33.86,34.04,33.75,33.93,33.72,0.6228,426806.37,1448460.382,5.415,29.010917548772962,29.165139792091896,28.91667062230028,29.070892865619214
600036.SH,20230619,33.91,33.91,33.56,33.58,33.93,-1.0315,278960.62,939883.957,5.415,29.053757060806,29.053757060806,28.75388047657474,28.771016281387954
600036.SH,20230620,33.5,33.56,33.1,33.19,33.58,-1.1614,307648.75,1024392.135,5.415,28.702473062135095,28.75388047657474,28.359756965870794,28.43686808753026
600036.SH,20230621,33.06,33.64,33.0,33.17,33.19,-0.0603,427865.99,1426164.911,5.415,28.325485356244364,28.8224236958276,28.274077941804716,28.419732282717046
600036.SH,20230626,32.93,33.1,32.42,32.61,33.17,-1.6883,432103.0,1410658.235,5.415,28.214102624958464,28.359756965870794,27.777139602221485,27.939929747947023
600036.SH,20230627,32.63,33.01,32.44,32.82,32.61,0.644,345715.27,1132557.913,5.415,27.95706555276024,28.282645844211324,27.794275407034696,28.119855698485786
600036.SH,20230628,32.81,33.18,32.72,33.05,32.82,0.7008,333818.01,1100128.735,5.415,28.11128779607918,28.428300185123653,28.034176674419708,28.316917453837753
600036.SH,20230629,33.05,33.18,32.67,32.68,33.05,-1.1195,258548.31,848217.753,5.415,28.316917453837753,28.428300185123653,27.99133716238667,27.99990506479328
600036.SH,20230630,32.73,33.0,32.64,32.76,32.68,0.2448,293613.27,964762.581,5.415,28.042744576826315,28.274077941804716,27.96563345516685,28.068448284046138
600036.SH,20230703,32.9,33.76,32.8,33.72,32.76,2.9304,453667.67,1515242.663,5.415,28.18839891773864,28.925238524706884,28.102719893672568,28.890966915080455
600036.SH,20230704,33.6,33.6,33.36,33.51,33.72,-0.6228,224086.56,749827.211,5.415,28.78815208620117,28.78815208620117,28.582522428442587,28.7110409645417
600036.SH,20230705,33.5,33.5,32.84,33.03,33.51,-1.4324,413071.58,1365494.25,5.415,28.702473062135095,28.702473062135095,28.136991503299,28.299781649024542
600036.SH,20230706,33.03,33.12,32.51,32.58,33.03,-1.3624,407842.46,1334753.417,5.415,28.299781649024542,28.376892770684005,27.854250723880952,27.9142260407272
600036.SH,20230707,32.5,32.58,32.29,32.31,32.58,-0.8287,472794.4,1530388.129,5.415,27.845682821474345,27.9142260407272,27.665756870935585,27.682892675748803
600036.SH,20230710,32.52,32.69,32.33,32.45,32.31,0.4333,272076.77,883689.382,5.415,27.862818626287563,28.008472967199886,27.700028480562015,27.802843309441307
600036.SH,20230711,32.73,32.8,32.47,32.71,32.45,0.8012,329166.54,1074347.765,5.415,28.042744576826315,28.102719893672568,27.819979114254522,28.0256087720131
600036.SH,20230712,32.72,33.44,32.72,33.2,32.71,1.498,632049.33,2098753.494,5.415,28.034176674419708,28.651065647695447,28.034176674419708,28.445435989936872
600036.SH,20230713,31.99,32.0,31.45,31.85,31.46,1.2397,563850.28,1791570.807,5.714,28.92214680147466,28.93118779766143,28.433933007389125,28.79557285485989
600036.SH,20230714,31.94,32.19,31.78,31.93,31.85,0.2512,347520.56,1111472.582,5.714,28.876941820540818,29.102966725210045,28.73228588155251,28.86790082435405
600036.SH,20230717,31.77,31.78,31.43,31.65,31.93,-0.8769,262002.79,827190.406,5.714,28.723244885365737,28.73228588155251,28.415851015015587,28.61475293112451
600036.SH,20230718,31.65,31.77,31.39,31.46,31.65,-0.6003,316389.46,996591.508,5.714,28.61475293112451,28.723244885365737,28.379687030268514,28.442974003575898
600036.SH,20230719,31.29,31.64,31.26,31.58,31.46,0.3814,240295.64,755090.293,5.714,28.289277068400818,28.60571193493774,28.262154079840514,28.551465957817125
600036.SH,20230720,31.77,32.1,31.6,31.69,31.58,0.3483,272394.43,867690.876,5.714,28.723244885365737,29.021597759529126,28.569547950190664,28.65091691587159
600036.SH,20230721,31.8,31.98,31.61,31.8,31.69,0.3471,315669.0,1004431.833,5.714,28.75036787392605,28.91310580528789,28.57858894637743,28.75036787392605
600036.SH,20230724,31.46,31.73,31.4,31.45,31.8,-1.1006,239122.03,753332.483,5.714,28.442974003575898,28.687080900618664,28.38872802645528,28.433933007389125
600036.SH,20230725,32.0,33.35,32.0,33.27,31.45,5.787,1261620.96,4159900.848,5.714,28.93118779766143,30.151722282875273,28.93118779766143,30.079394313381123
600036.SH,20230726,33.27,33.73,33.07,33.35,33.27,0.2405,501751.4,1673625.171,5.714,30.079394313381123,30.495280137972497,29.898574389645734,30.151722282875273
600036.SH,20230727,33.5,33.82,33.2,33.66,33.35,0.9295,548488.96,1845231.37,5.714,30.28733722567681,30.576649103653427,30.016107340073738,30.431993164665116
600036.SH,20230728,33.49,35.29,33.41,35.1,33.66,4.2781,1256287.59,4358344.107,5.714,30.278296229490046,31.905675543108497,30.205968259995885,31.733896615559882
600036.SH,20230731,35.52,36.04,35.01,35.56,35.1,1.3105,1162756.05,4127807.307,5.714,32.11361845540419,32.583750257116186,31.65252764987896,32.14978244015127
600036.SH,20230801,35.53,35.58,34.77,34.99,35.56,-1.6029,660095.85,2316910.863,5.714,32.122659451590955,32.1678644325248,31.4355437413965,31.634445657505424
600036.SH,20230802,34.16,34.82,33.77,34.03,34.99,-2.7436,915357.61,3124298.66,5.714,30.884042974003574,31.480748722330347,30.53144412271958,30.76651002357558
600036.SH,20230803,34.02,34.78,33.87,34.68,34.03,1.9101,509293.81,1750414.829,5.714,30.757469027388808,31.444584737583266,30.621854084587266,31.354174775715578
600036.SH,20230804,35.08,35.5,34.72,34.88,34.68,0.5767,812642.48,2854335.236,5.714,31.715814623186343,32.09553646303065,31.39033876046265,31.534994699450962
600036.SH,20230807,34.75,34.78,34.28,34.5,34.88,-1.0894,344671.92,1187405.635,5.714,31.417461749022962,31.444584737583266,30.992534928244808,31.19143684435373
600036.SH,20230808,34.33,34.65,33.81,34.15,34.5,-1.0145,502282.55,1715919.7,5.714,31.03773990917865,31.32705178715527,30.567608107466658,30.875001977816808
600036.SH,20230809,34.02,34.31,33.95,34.02,34.15,-0.3807,386832.5,1318960.193,5.714,30.757469027388808,31.019657916805116,30.694182054081427,30.757469027388808
600036.SH,20230810,33.9,34.25,33.8,34.14,34.02,0.3527,287724.69,978706.457,5.714,30.648977073147577,30.965411939684504,30.55856711127988,30.86596098163004
600036.SH,20230811,34.16,34.47,33.15,33.15,34.14,-2.8998,606240.04,2032299.867,5.714,30.884042974003574,31.16431385579342,29.970902359139888,29.970902359139888
600036.SH,20230814,32.8,32.83,32.25,32.46,33.15,-2.0814,667072.91,2167337.311,5.714,29.654467492602965,29.681590481163273,29.157212702330664,29.347073622252815
600036.SH,20230815,32.46,32.64,32.15,32.36,32.46,-0.3081,582959.14,1887265.044,5.714,29.347073622252815,29.50981155361466,29.06680274046297,29.256663660385122
600036.SH,20230816,32.15,32.25,31.88,31.97,32.36,-1.2052,580151.81,1857011.416,5.714,29.06680274046297,29.157212702330664,28.8226958434202,28.904064809101122
600036.SH,20230817,31.78,31.87,31.49,31.79,31.97,-0.563,646075.69,2043578.651,5.714,28.73228588155251,28.813654847233433,28.470096992136202,28.74132687773928
600036.SH,20230818,31.75,32.63,31.75,31.88,31.79,0.2831,674594.67,2169641.216,5.714,28.7051628929922,29.500770557427895,28.7051628929922,28.8226958434202
600036.SH,20230821,31.81,31.84,31.13,31.13,31.88,-2.3526,809575.31,2537398.399,5.714,28.759408870112814,28.786531858673122,28.14462112941251,28.14462112941251
600036.SH,20230822,31.21,31.47,31.0,31.32,31.13,0.6103,601070.44,1877097.295,5.714,28.216949098906664,28.45201499976266,28.027088178984513,28.31640005696113
600036.SH,20230823,31.2,31.44,30.85,30.85,31.32,-1.5006,560743.58,1743312.676,5.714,28.207908102719895,28.424892011202356,27.891473236182975,27.891473236182975
600036.SH,20230824,31.0,31.15,30.8,31.06,30.85,0.6807,412256.14,1277299.345,5.714,28.027088178984513,28.162703121786052,27.84626825524913,28.081334156105125
600036.SH,20230825,31.0,31.85,30.9,31.56,31.06,1.6098,647471.34,2028793.535,5.714,28.027088178984513,28.79557285485989,27.936678217116818,28.533383965443587
600036.SH,20230828,33.3,33.93,32.03,32.26,31.56,2.218,1405093.67,4608776.006,5.714,30.106517301941423,30.676100061707885,28.95831078622174,29.16625369851743
600036.SH,20230829,32.26,32.44,31.77,32.04,32.26,-0.682,721169.98,2310485.794,5.714,29.16625369851743,29.328991629879273,28.723244885365737,28.967351782408507
600036.SH,20230830,32.19,32.19,31.55,31.66,32.04,-1.186,639801.58,2031430.069,5.714,29.102966725210045,29.102966725210045,28.524342969256818,28.62379392731128
600036.SH,20230831,31.8,32.08,31.49,31.55,31.66,-0.3474,503220.17,1595044.491,5.714,28.75036787392605,29.003515767155584,28.470096992136202,28.524342969256818
600036.SH,20230901,31.95,32.63,31.88,32.27,31.55,2.2821,697526.19,2250478.414,5.714,28.885982816727587,29.500770557427895,28.8226958434202,29.175294694704203
600036.SH,20230904,32.58,33.61,32.47,33.53,32.27,3.9046,1104299.32,3671655.441,5.714,29.455565576494045,30.38678818373127,29.35611461843958,30.31446021423712
600036.SH,20230905,33.3,33.44,32.97,33.11,33.53,-1.2526,447322.61,1483496.734,5.714,30.106517301941423,30.233091248556192,29.808164427778042,29.93473837439281
600036.SH,20230906,33.1,33.46,32.77,33.36,33.11,0.7551,546740.47,1812037.299,5.714,29.925697378206046,30.251173240929734,29.627344504042664,30.160763279062042
600036.SH,20230907,33.31,33.31,33.01,33.14,33.36,-0.6595,358701.98,1188879.205,5.714,30.115558298128196,30.115558298128196,29.84432841252512,29.96186136295312
600036.SH,20230908,33.0,33.26,32.95,33.17,33.14,0.0905,298500.98,989879.153,5.714,29.83528741633835,30.07035331719435,29.790082435404507,29.98898435151343
600036.SH,20230911,33.13,33.29,32.91,32.91,33.17,-0.7838,632873.69,2091952.941,5.714,29.952820366766353,30.097476305754657,29.753918450657427,29.753918450657427
600036.SH,20230912,32.9,33.05,32.82,32.88,32.91,-0.0912,277590.78,914017.922,5.714,29.744877454470657,29.880492397272196,29.672549484976507,29.726795462097122
600036.SH,20230913,32.95,33.08,32.66,32.75,32.88,-0.3954,298915.34,980129.608,5.714,29.790082435404507,29.907615385832504,29.527893545988196,29.609262511669122
600036.SH,20230914,32.95,33.19,32.85,33.07,32.75,0.9771,437343.9,1443840.329,5.714,29.790082435404507,30.007066343886965,29.69967247353681,29.898574389645734
600036.SH,20230915,33.3,33.42,32.8,32.96,33.07,-0.3326,439602.15,1453249.853,5.714,30.106517301941423,30.21500925618266,29.654467492602965,29.799123431591276
600036.SH,20230918,32.87,33.05,32.7,33.02,32.96,0.182,360401.92,1186454.306,5.714,29.717754465910346,29.880492397272196,29.56405753073528,29.85336940871189
600036.SH,20230919,33.0,33.0,32.72,32.96,33.02,-0.1817,384652.7,1263587.161,5.714,29.83528741633835,29.83528741633835,29.582139523108815,29.799123431591276
600036.SH,20230920,32.86,32.86,32.63,32.73,32.96,-0.6978,309317.58,1012842.173,5.714,29.70871346972358,29.70871346972358,29.500770557427895,29.59118051929558
600036.SH,20230921,32.75,32.81,32.37,32.37,32.73,-1.0999,390318.54,1270724.458,5.714,29.609262511669122,29.663508488789738,29.265704656571888,29.265704656571888
600036.SH,20230922,32.59,33.37,32.32,33.34,32.37,2.9966,712833.16,2349131.841,5.714,29.464606572680815,30.169804275248808,29.22049967563805,30.142681286688507
600036.SH,20230925,33.28,33.28,32.9,33.0,33.34,-1.0198,456515.41,1506238.619,5.714,30.08843530956789,30.08843530956789,29.744877454470657,29.83528741633835
600036.SH,20230926,32.93,33.08,32.75,32.8,33.0,-0.6061,322023.56,1058673.65,5.714,29.772000443030965,29.907615385832504,29.609262511669122,29.654467492602965
600036.SH,20230927,32.9,33.09,32.75,32.82,32.8,0.061,352466.79,1159673.83,5.714,29.744877454470657,29.916656382019276,29.609262511669122,29.672549484976507
600036.SH,20230928,33.02,33.14,32.75,32.97,32.82,0.457,388564.69,1280959.169,5.714,29.85336940871189,29.96186136295312,29.609262511669122,29.808164427778042
600036.SH,20231009,32.7,32.7,32.38,32.58,32.97,-1.1829,361342.67,1176010.754,5.714,29.56405753073528,29.56405753073528,29.27474565275866,29.455565576494045
600036.SH,20231010,33.12,33.13,32.59,32.59,32.58,0.0307,342636.98,1123856.356,5.714,29.94377937057958,29.952820366766353,29.464606572680815,29.464606572680815
600036.SH,20231011,32.84,32.85,32.4,32.45,32.59,-0.4296,376091.24,1226529.938,5.714,29.690631477350045,29.69967247353681,29.292827645132196,29.338032626066045
600036.SH,20231012,32.99,33.33,32.78,33.07,32.45,1.9106,617459.63,2041713.576,5.714,29.826246420151584,30.13364029050173,29.636385500229427,29.898574389645734
600036.SH,20231013,32.78,32.88,32.51,32.61,33.07,-1.391,410371.87,1341527.525,5.714,29.636385500229427,29.726795462097122,29.392278603186657,29.48268856505435
600036.SH,20231016,32.58,32.66,32.24,32.31,32.61,-0.92,286774.14,928068.013,5.714,29.455565576494045,29.527893545988196,29.148171706143895,29.211458679451276
600036.SH,20231017,32.39,32.6,32.22,32.52,32.31,0.65,286229.14,928757.316,5.714,29.283786648945433,29.473647568867584,29.130089713770353,29.40131959937343
600036.SH,20231018,32.49,32.64,32.41,32.49,32.52,-0.0923,249316.67,810933.178,5.714,29.374196610813126,29.50981155361466,29.30186864131897,29.374196610813126
600036.SH,20231019,32.4,32.4,31.52,31.57,32.49,-2.8316,604293.38,1922080.369,5.714,29.292827645132196,29.292827645132196,28.49721998069651,28.542424961630356
600036.SH,20231020,31.49,31.81,31.4,31.65,31.57,0.2534,372589.37,1178535.483,5.714,28.470096992136202,28.759408870112814,28.38872802645528,28.61475293112451
600036.SH,20231023,31.59,31.65,31.0,31.23,31.65,-1.327,393801.84,1232365.016,5.714,28.560506954003895,28.61475293112451,28.027088178984513,28.235031091280206
600036.SH,20231024,31.38,31.41,31.04,31.3,31.23,0.2241,365526.63,1142319.006,5.714,28.370646034081737,28.39776902264205,28.063252163731587,28.298318064587587
600036.SH,20231025,31.6,31.75,31.2,31.42,31.3,0.3834,375693.32,1179249.724,5.714,28.569547950190664,28.7051628929922,28.207908102719895,28.406810018828818
600036.SH,20231026,31.36,31.75,31.26,31.5,31.42,0.2546,287029.85,904374.422,5.714,28.352564041708202,28.7051628929922,28.262154079840514,28.47913798832297
600036.SH,20231027,31.45,31.65,31.15,31.53,31.5,0.0952,391452.76,1231933.968,5.714,28.433933007389125,28.61475293112451,28.162703121786052,28.50626097688328
600036.SH,20231030,31.01,31.13,30.55,30.9,31.53,-1.9981,838500.56,2582604.676,5.714,28.036129175171283,28.14462112941251,27.620243350579898,27.936678217116818
600036.SH,20231031,30.74,30.99,30.61,30.76,30.9,-0.4531,528015.99,1624462.29,5.714,27.79202227812851,28.01804718279774,27.67448932770051,27.810104270502055
600036.SH,20231101,30.8,30.88,30.43,30.45,30.76,-1.0078,529897.07,1617976.148,5.714,27.84626825524913,27.91859622474328,27.511751396338667,27.529833388712202
600036.SH,20231102,30.6,30.81,30.51,30.68,30.45,0.7553,364667.71,1118895.486,5.714,27.665448331513748,27.855309251435894,27.58407936583282,27.737776301007894
600036.SH,20231103,30.68,31.04,30.6,30.99,30.68,1.0104,439568.79,1357177.293,5.714,27.737776301007894,28.063252163731587,27.665448331513748,28.01804718279774
600036.SH,20231106,31.15,31.35,30.96,31.14,30.99,0.484,519823.85,1617714.882,5.714,28.162703121786052,28.343523045521433,27.990924194237436,28.15366212559928
600036.SH,20231107,31.14,31.14,30.65,30.8,31.14,-1.0918,516240.67,1589834.114,5.714,28.15366212559928,28.15366212559928,27.71065331244759,27.84626825524913
600036.SH,20231108,30.74,30.78,30.5,30.6,30.8,-0.6494,445182.98,1363161.957,5.714,27.79202227812851,27.82818626287559,27.57503836964605,27.665448331513748
600036.SH,20231109,30.55,30.78,30.52,30.66,30.6,0.1961,327649.58,1003833.045,5.714,27.620243350579898,27.82818626287559,27.59312036201959,27.71969430863436
600036.SH,20231110,30.5,30.56,30.1,30.16,30.66,-1.6308,516964.62,1561581.974,5.714,27.57503836964605,27.629284346766667,27.213398522175286,27.2676444992959
600036.SH,20231113,30.17,30.27,29.61,29.82,30.16,-1.1273,634242.73,1891693.842,5.714,27.27668549548267,27.36709545735036,26.770389709023593,26.960250628945744
600036.SH,20231114,29.87,30.2,29.86,30.2,29.82,1.2743,448342.67,1347710.79,5.714,27.005455609879593,27.303808484042975,26.996414613692824,27.303808484042975
600036.SH,20231115,30.45,30.77,30.39,30.64,30.2,1.457,601939.6,1842095.992,5.714,27.529833388712202,27.81914526668882,27.475587411591594,27.70161231626082
600036.SH,20231116,30.67,30.77,30.37,30.54,30.64,-0.3264,315719.93,965161.754,5.714,27.72873530482113,27.81914526668882,27.45750541921805,27.61120235439313
600036.SH,20231117,30.46,30.52,30.1,30.33,30.54,-0.6876,432452.82,1308022.703,5.714,27.53887438489898,27.59312036201959,27.213398522175286,27.421341434470975
600036.SH,20231120,30.34,30.59,30.14,30.58,30.33,0.8243,369227.08,1123420.442,5.714,27.430382430657744,27.656407335326975,27.24956250692236,27.647366339140202
600036.SH,20231121,30.75,30.87,30.37,30.43,30.58,-0.4905,488544.7,1497630.759,5.714,27.80106327431528,27.909555228556513,27.45750541921805,27.511751396338667
600036.SH,20231122,30.3,30.41,30.15,30.16,30.43,-0.8873,273705.42,828342.908,5.714,27.39421844591067,27.49366940396513,27.258603503109125,27.2676444992959
600036.SH,20231123,30.02,30.21,29.95,30.14,30.16,-0.0663,299793.83,900540.283,5.714,27.141070552681132,27.312849480229744,27.077783579373744,27.24956250692236
600036.SH,20231124,30.06,30.1,29.93,30.0,30.14,-0.4645,291162.76,873539.196,5.714,27.177234537428205,27.213398522175286,27.05970158700021,27.122988560307594
600036.SH,20231127,30.0,30.03,29.29,29.4,30.0,-2.0,581019.58,1714186.982,5.714,27.122988560307594,27.1501115488679,26.48107783104698,26.58052878910144
600036.SH,20231128,29.41,29.49,29.04,29.16,29.4,-0.8163,475165.11,1389229.278,5.714,26.58956978528821,26.661897754782363,26.255052926377747,26.36354488061898
600036.SH,20231129,29.2,29.24,28.68,28.8,29.16,-1.2346,620637.52,1789462.813,5.714,26.399708865366055,26.43587285011313,25.929577063654058,26.03806901789529
600036.SH,20231130,28.8,28.98,28.6,28.79,28.8,-0.0347,551560.06,1585194.742,5.714,26.03806901789529,26.20080694925713,25.857249094159908,26.02902802170852
600036.SH,20231201,28.72,28.74,28.07,28.26,28.79,-1.8409,882736.44,2496795.77,5.714,25.96574104840113,25.98382304077467,25.37807629626114,25.54985522380975
600036.SH,20231204,28.27,28.46,28.02,28.08,28.26,-0.6369,557878.3,1569603.288,5.714,25.55889621999652,25.73067514754514,25.33287131532729,25.387117292447904
600036.SH,20231205,28.06,28.07,27.5,27.51,28.08,-2.0299,618901.67,1717656.519,5.714,25.36903530007437,25.37807629626114,24.862739513615292,24.871780509802065
600036.SH,20231206,27.56,27.96,27.45,27.76,27.51,0.9088,611259.26,1697947.805,5.714,24.916985490735907,25.278625338206673,24.817534532681446,25.097805414471292
600036.SH,20231207,27.77,27.94,27.29,27.81,27.76,0.1801,594966.98,1643064.047,5.714,25.10684641065806,25.26054334583314,24.672878593693138,25.143010395405135
600036.SH,20231208,27.7,27.95,27.5,27.5,27.81,-1.1147,533497.65,1479206.064,5.714,25.043559437350677,25.269584342019904,24.862739513615292,24.862739513615292
600036.SH,20231211,27.25,27.85,26.9,27.76,27.5,0.9455,758085.97,2067921.108,5.714,24.63671460894606,25.179174380152215,24.32027974240914,25.097805414471292
600036.SH,20231212,27.7,28.07,27.61,28.05,27.76,1.0447,504201.11,1409339.298,5.714,25.043559437350677,25.37807629626114,24.962190471669754,25.359994303887596
600036.SH,20231213,27.92,27.92,27.2,27.22,28.05,-2.959,671239.32,1844591.027,5.714,25.2424613534596,25.2424613534596,24.59150962801222,24.609591620385753
600036.SH,20231214,27.44,27.64,27.03,27.03,27.22,-0.698,445268.08,1214879.008,5.714,24.80849353649468,24.98931346023006,24.437812692837138,24.437812692837138
600036.SH,20231215,27.47,28.05,27.2,27.23,27.03,0.7399,980686.59,2697705.037,5.714,24.835616525054984,25.359994303887596,24.59150962801222,24.618632616572526
600036.SH,20231218,27.0,27.38,26.9,27.28,27.23,0.1836,477164.25,1299068.335,5.714,24.410689704276834,24.75424755937406,24.32027974240914,24.663837597506372
600036.SH,20231219,27.2,27.35,27.02,27.29,27.28,0.0367,376573.73,1024185.206,5.714,24.59150962801222,24.727124570813757,24.42877169665037,24.672878593693138
600036.SH,20231220,27.31,27.41,27.06,27.06,27.29,-0.8428,531128.08,1446520.286,5.714,24.690960586066677,24.78137054793437,24.46493568139745,24.46493568139745
600036.SH,20231221,26.98,27.75,26.92,27.71,27.06,2.4021,759104.81,2082187.758,5.714,24.392607711903295,25.088764418284523,24.33836173478268,25.052600433537446
600036.SH,20231222,27.78,27.85,27.41,27.61,27.71,-0.3609,623643.72,1721377.205,5.714,25.11588740684483,25.179174380152215,24.78137054793437,24.962190471669754
600036.SH,20231225,27.6,27.72,27.42,27.53,27.61,-0.2898,419033.86,1154001.375,5.714,24.953149475482988,25.06164142972421,24.790411544121138,24.889862502175603
600036.SH,20231226,27.49,27.49,27.16,27.27,27.53,-0.9444,365257.08,997177.589,5.714,24.853698517428523,24.853698517428523,24.555345643265138,24.6547966013196
600036.SH,20231227,27.33,27.37,27.05,27.3,27.27,0.11,410636.87,1117439.216,5.714,24.709042578440215,24.745206563187296,24.45589468521068,24.68191958987991
600036.SH,20231228,27.25,28.13,27.25,27.99,27.3,2.5275,1061062.85,2953200.858,5.714,24.63671460894606,25.432322273381754,24.63671460894606,25.305748326766984
600036.SH,20231229,27.9,28.05,27.77,27.82,27.99,-0.6074,655773.45,1827818.811,5.714,25.22437936108606,25.359994303887596,25.10684641065806,25.152051391591904
600036.SH,20240102,27.95,27.96,27.56,27.58,27.82,-0.8627,542194.8,1500865.548,5.714,25.269584342019904,25.278625338206673,24.916985490735907,24.935067483109442
600036.SH,20240103,27.58,27.84,27.52,27.77,27.58,0.6889,433955.88,1200383.624,5.714,24.935067483109442,25.170133383965446,24.88082150598883,25.10684641065806
600036.SH,20240104,27.76,27.83,27.36,27.81,27.77,0.144,637102.49,1759101.593,5.714,25.097805414471292,25.161092387778677,24.736165567000526,25.143010395405135
600036.SH,20240105,27.75,28.78,27.62,28.29,27.81,1.726,1190633.15,3376466.447,5.714,25.088764418284523,26.01998702552175,24.971231467856523,25.57697821237006
600036.SH,20240108,28.17,28.59,27.95,28.13,28.29,-0.5656,816820.7,2305065.736,5.714,25.46848625812883,25.84820809797313,25.269584342019904,25.432322273381754
600036.SH,20240109,28.12,28.28,27.9,28.17,28.13,0.1422,558663.06,1569684.23,5.714,25.42328127719498,25.567937216183292,25.22437936108606,25.46848625812883
600036.SH,20240110,28.02,28.35,28.02,28.05,28.17,-0.426,453640.48,1277638.873,5.714,25.33287131532729,25.631224189490673,25.33287131532729,25.359994303887596
600036.SH,20240111,28.0,28.57,27.85,28.38,28.05,1.1765,735318.26,2082611.272,5.714,25.314789322953754,25.830126105599597,25.179174380152215,25.65834717805098
600036.SH,20240112,28.26,28.78,28.26,28.54,28.38,0.5638,577832.01,1652242.626,5.714,25.54985522380975,26.01998702552175,25.54985522380975,25.80300311703929
600036.SH,20240115,28.5,28.94,28.37,28.77,28.54,0.8059,482452.29,1383953.76,5.714,25.766839132292212,26.164642964510058,25.649306181864215,26.01094602933498
600036.SH,20240116,28.63,29.13,28.6,29.13,28.77,1.2513,853440.24,2469511.282,5.714,25.884372082720212,26.33642189205867,25.857249094159908,26.33642189205867
600036.SH,20240117,29.12,29.58,29.03,29.19,29.13,0.206,1308601.46,3843478.823,5.714,26.3273808958719,26.743266720463282,26.24601193019098,26.390667869179286
600036.SH,20240118,28.94,29.68,28.6,29.58,29.19,1.3361,1295126.45,3762050.846,5.714,26.164642964510058,26.833676682330974,25.857249094159908,26.743266720463282
600036.SH,20240119,29.37,29.9,29.14,29.73,29.58,0.5071,968616.23,2865398.412,5.714,26.553405800541135,27.032578598439898,26.345462888245443,26.878881663264824
600036.SH,20240122,29.76,30.5,29.7,30.25,29.73,1.7491,1549702.67,4691297.1,5.714,26.906004651825135,27.57503836964605,26.851758674704516,27.34901346497682
600036.SH,20240123,30.01,30.35,29.8,29.99,30.25,-0.8595,886055.52,2661547.376,5.714,27.132029556494363,27.439423426844513,26.94216863657221,27.113947564120824
600036.SH,20240124,30.15,30.29,29.38,30.09,29.99,0.3334,974892.39,2904947.629,5.714,27.258603503109125,27.385177449723898,26.5624467967279,27.204357525988517
600036.SH,20240125,30.31,31.0,30.18,30.9,30.09,2.6919,1234509.22,3791899.866,5.714,27.403259442097433,28.027088178984513,27.285726491669436,27.936678217116818
600036.SH,20240126,30.92,31.35,30.66,31.12,30.9,0.712,1009915.78,3132788.305,5.714,27.954760209490356,28.343523045521433,27.71969430863436,28.13558013322574
600036.SH,20240129,31.2,31.6,31.17,31.35,31.12,0.7391,838824.33,2632393.04,5.714,28.207908102719895,28.569547950190664,28.18078511415959,28.343523045521433
600036.SH,20240130,31.2,31.5,30.78,31.0,31.35,-1.1164,743999.13,2316762.5,5.714,28.207908102719895,28.47913798832297,27.82818626287559,28.027088178984513
600036.SH,20240131,30.92,31.19,30.59,30.71,31.0,-0.9355,808949.28,2494516.011,5.714,27.954760209490356,28.19886710653313,27.656407335326975,27.764899289568206
600036.SH,20240201,30.67,30.84,30.2,30.42,30.71,-0.9443,859700.09,2621519.218,5.714,27.72873530482113,27.882432239996202,27.303808484042975,27.502710400151898
600036.SH,20240202,30.45,30.66,29.64,30.23,30.42,-0.6246,987291.65,2986530.108,5.714,27.529833388712202,27.71969430863436,26.7975126975839,27.330931472603286
600036.SH,20240205,30.23,30.95,30.06,30.71,30.23,1.5878,1063978.81,3246673.368,5.714,27.330931472603286,27.981883198050664,27.177234537428205,27.764899289568206
600036.SH,20240206,30.71,31.35,30.6,31.33,30.71,2.0189,1062158.43,3296036.54,5.714,27.764899289568206,28.343523045521433,27.665448331513748,28.325441053147895
600036.SH,20240207,31.42,31.48,30.81,31.31,31.33,-0.0638,1110510.58,3458135.329,5.714,28.406810018828818,28.461055995949433,27.855309251435894,28.307359060774353
600036.SH,20240208,31.31,31.45,31.02,31.4,31.31,0.2874,873004.36,2728137.528,5.714,28.307359060774353,28.433933007389125,28.045170171358052,28.38872802645528
600036.SH,20240219,31.99,31.99,31.41,31.62,31.4,0.7006,875490.1,2770406.837,5.714,28.92214680147466,28.92214680147466,28.39776902264205,28.5876299425642
600036.SH,20240220,31.62,31.62,31.29,31.4,31.62,-0.6958,606404.69,1907541.533,5.714,28.5876299425642,28.5876299425642,28.289277068400818,28.38872802645528
600036.SH,20240221,31.4,33.39,31.35,33.0,31.4,5.0955,1528656.12,5003152.628,5.714,28.38872802645528,30.18788626762235,28.343523045521433,29.83528741633835
600036.SH,20240222,32.81,32.95,32.39,32.8,33.0,-0.6061,752760.38,2461009.465,5.714,29.663508488789738,29.790082435404507,29.283786648945433,29.654467492602965
600036.SH,20240223,32.81,33.4,32.62,32.95,32.8,0.4573,639848.72,2118316.307,5.714,29.663508488789738,30.196927263809116,29.49172956124112,29.790082435404507
600036.SH,20240226,32.86,33.06,32.08,32.25,32.95,-2.1244,666390.18,2163023.087,5.714,29.70871346972358,29.88953339345897,29.003515767155584,29.157212702330664
600036.SH,20240227,32.24,32.4,31.99,32.18,32.25,-0.2171,543491.54,1746108.592,5.714,29.148171706143895,29.292827645132196,28.92214680147466,29.093925729023276
600036.SH,20240228,32.29,32.29,31.6,32.02,32.18,-0.4972,683707.52,2186677.932,5.714,29.193376687077738,29.193376687077738,28.569547950190664,28.949269790034972
600036.SH,20240229,31.89,32.2,31.85,32.04,32.02,0.0625,498928.29,1595634.178,5.714,28.83173683960697,29.112007721396818,28.79557285485989,28.967351782408507
600036.SH,20240301,31.92,32.08,31.75,31.94,32.04,-0.3121,427173.92,1361853.701,5.714,28.858859828167276,29.003515767155584,28.7051628929922,28.876941820540818
600036.SH,20240304,31.76,31.87,31.47,31.52,31.94,-1.315,591350.15,1868022.544,5.714,28.71420388917897,28.813654847233433,28.45201499976266,28.49721998069651
600036.SH,20240305,31.42,32.21,31.31,32.18,31.52,2.0939,894028.67,2850224.114,5.714,28.406810018828818,29.121048717583584,28.307359060774353,29.093925729023276
600036.SH,20240306,32.14,32.26,31.87,31.87,32.18,-0.9633,516101.77,1655425.115,5.714,29.0577617442762,29.16625369851743,28.813654847233433,28.813654847233433
600036.SH,20240307,31.87,32.13,31.78,32.0,31.87,0.4079,519491.97,1659111.449,5.714,28.813654847233433,29.048720748089433,28.73228588155251,28.93118779766143
600036.SH,20240308,31.89,32.01,31.55,31.67,32.0,-1.0313,441071.17,1399732.269,5.714,28.83173683960697,28.940228793848195,28.524342969256818,28.63283492349805
600036.SH,20240311,31.55,31.75,31.2,31.48,31.67,-0.5999,738537.94,2318402.185,5.714,28.524342969256818,28.7051628929922,28.207908102719895,28.461055995949433
600036.SH,20240312,31.42,32.15,31.28,31.95,31.48,1.493,769253.75,2447163.517,5.714,28.406810018828818,29.06680274046297,28.28023607221405,28.885982816727587
600036.SH,20240313,31.96,31.99,31.43,31.52,31.95,-1.3459,469387.14,1482651.384,5.714,28.895023812914356,28.92214680147466,28.415851015015587,28.49721998069651
600036.SH,20240314,31.46,31.72,31.16,31.25,31.52,-0.8566,508174.98,1595073.269,5.714,28.442974003575898,28.678039904431895,28.17174411797282,28.25311308365374
600036.SH,20240315,31.24,31.42,31.0,31.18,31.25,-0.224,520780.63,1621589.213,5.714,28.244072087466968,28.406810018828818,28.027088178984513,28.189826110346356
600036.SH,20240318,31.15,31.34,31.0,31.13,31.18,-0.1604,461897.7,1436837.36,5.714,28.162703121786052,28.334482049334664,28.027088178984513,28.14462112941251
600036.SH,20240319,31.1,31.11,30.73,30.8,31.13,-1.0601,547025.3,1688506.946,5.714,28.117498140852206,28.12653913703897,27.782981281941744,27.84626825524913
600036.SH,20240320,30.8,31.2,30.66,31.18,30.8,1.2338,498272.25,1544956.631,5.714,27.84626825524913,28.207908102719895,27.71969430863436,28.189826110346356
600036.SH,20240321,31.17,31.76,31.05,31.55,31.18,1.1867,646761.08,2040298.376,5.714,28.18078511415959,28.71420388917897,28.072293159918356,28.524342969256818
600036.SH,20240322,31.53,31.55,30.9,31.2,31.55,-1.1094,552878.52,1722145.156,5.714,28.50626097688328,28.524342969256818,27.936678217116818,28.207908102719895
600036.SH,20240325,31.11,31.51,30.92,31.35,31.2,0.4808,483759.02,1514858.505,5.714,28.12653913703897,28.48817898450974,27.954760209490356,28.343523045521433
600036.SH,20240326,31.8,32.66,31.73,32.4,31.35,3.3493,1244307.91,4014510.51,5.714,28.75036787392605,29.527893545988196,28.687080900618664,29.292827645132196
600036.SH,20240327,32.29,32.65,32.21,32.3,32.4,-0.3086,782084.88,2539984.05,5.714,29.193376687077738,29.51885254980143,29.121048717583584,29.202417683264503
600036.SH,20240328,32.34,32.5,32.07,32.18,32.3,-0.3715,694744.92,2242513.222,5.714,29.238581668011587,29.38323760699989,28.994474770968814,29.093925729023276
600036.SH,20240329,32.1,32.64,32.07,32.2,32.18,0.0622,514001.31,1663236.764,5.714,29.021597759529126,29.50981155361466,28.994474770968814,29.112007721396818
600036.SH,20240401,32.18,32.85,32.18,32.64,32.2,1.3665,570152.32,1861582.316,5.714,29.093925729023276,29.69967247353681,29.093925729023276,29.50981155361466
600036.SH,20240402,32.7,32.92,32.44,32.55,32.64,-0.2757,536618.99,1753251.097,5.714,29.56405753073528,29.7629594468442,29.328991629879273,29.428442587933734
600036.SH,20240403,32.54,32.63,32.23,32.23,32.55,-0.9831,498081.63,1612691.616,5.714,29.419401591746965,29.500770557427895,29.13913070995712,29.13913070995712
600036.SH,20240408,32.24,32.56,32.03,32.4,32.23,0.5275,477291.23,1544564.957,5.714,29.148171706143895,29.43748358412051,28.95831078622174,29.292827645132196
600036.SH,20240409,32.5,32.63,32.31,32.31,32.4,-0.2778,384772.07,1248965.235,5.714,29.38323760699989,29.500770557427895,29.211458679451276,29.211458679451276
600036.SH,20240410,32.19,32.68,32.19,32.49,32.31,0.5571,504013.72,1638691.786,5.714,29.102966725210045,29.545975538361734,29.102966725210045,29.374196610813126
600036.SH,20240411,32.31,32.42,32.13,32.3,32.49,-0.5848,443747.73,1432073.801,5.714,29.211458679451276,29.310909637505738,29.048720748089433,29.202417683264503
600036.SH,20240412,32.28,32.47,32.06,32.12,32.3,-0.5573,478204.14,1540845.216,5.714,29.18433569089097,29.35611461843958,28.98543377478205,29.03967975190266
600036.SH,20240415,32.1,33.0,32.09,32.83,32.12,2.2105,764644.73,2503221.029,5.714,29.021597759529126,29.83528741633835,29.012556763342356,29.681590481163273
600036.SH,20240416,32.71,32.97,32.45,32.75,32.83,-0.2437,741556.1,2429469.045,5.714,29.573098526922045,29.808164427778042,29.338032626066045,29.609262511669122
600036.SH,20240417,32.69,33.49,32.47,33.3,32.75,1.6794,948211.96,3131202.074,5.714,29.555016534548503,30.278296229490046,29.35611461843958,30.106517301941423
600036.SH,20240418,33.26,34.1,33.19,33.65,33.3,1.0511,1006574.01,3393695.785,5.714,30.07035331719435,30.829796996882965,30.007066343886965,30.42295216847835
600036.SH,20240419,33.56,33.84,33.42,33.62,33.65,-0.0892,540383.5,1818443.521,5.714,30.34158320279743,30.594731096026965,30.21500925618266,30.39582917991804
600036.SH,20240422,33.78,34.19,33.05,33.34,33.62,-0.8328,607535.07,2034006.573,5.714,30.540485118906346,30.911165962563885,29.880492397272196,30.142681286688507
600036.SH,20240423,33.3,33.82,33.23,33.38,33.34,0.12,512452.44,1717681.682,5.714,30.106517301941423,30.576649103653427,30.04323032863404,30.17884527143558
600036.SH,20240424,33.38,33.55,33.1,33.46,33.38,0.2397,443383.53,1480785.929,5.714,30.17884527143558,30.332542206610654,29.925697378206046,30.251173240929734
600036.SH,20240425,33.44,34.4,33.38,34.4,33.46,2.8093,919481.8,3136628.386,5.714,30.233091248556192,31.101026882486035,30.17884527143558,31.101026882486035
600036.SH,20240426,34.4,34.87,34.22,34.48,34.4,0.2326,954898.83,3292052.902,5.714,31.101026882486035,31.525953703264186,30.938288951124193,31.17335485198019
600036.SH,20240429,34.4,35.16,34.2,34.88,34.48,1.1601,818064.12,2854804.596,5.714,31.101026882486035,31.788142592680494,30.920206958750658,31.534994699450962
600036.SH,20240430,34.4,34.58,34.05,34.31,34.88,-1.6342,868041.8,2982962.844,5.714,31.101026882486035,31.263764813847885,30.784592015949116,31.019657916805116
600036.SH,20240506,35.1,35.36,34.72,34.88,34.31,1.6613,1000704.94,3501168.456,5.714,31.733896615559882,31.968962516415882,31.39033876046265,31.534994699450962
600036.SH,20240507,34.88,34.95,34.63,34.87,34.88,-0.0287,473848.57,1649813.221,5.714,31.534994699450962,31.598281672758343,31.30896979478173,31.525953703264186
600036.SH,20240508,34.82,34.96,34.55,34.57,34.87,-0.8603,412861.58,1434042.865,5.714,31.480748722330347,31.607322668945116,31.236641825287574,31.254723817661112
600036.SH,20240509,34.6,34.93,34.6,34.84,34.57,0.781,512391.31,1782846.432,5.714,31.281846806221424,31.580199680384805,31.281846806221424,31.498830714703885
600036.SH,20240510,34.84,35.85,34.8,35.62,34.84,2.2388,940365.7,3331360.84,5.714,31.498830714703885,32.41197132956758,31.4626667299568,32.20402841727188
600036.SH,20240513,35.44,36.07,35.33,35.91,35.62,0.8141,747800.26,2674602.938,5.714,32.04129048591003,32.610873245676494,31.94183952785557,32.466217306688186
600036.SH,20240514,35.89,36.13,35.2,35.34,35.91,-1.5873,687778.84,2440460.309,5.714,32.44813531431465,32.66511922279711,31.824306577427578,31.950880524042347
600036.SH,20240515,35.33,35.44,34.69,35.05,35.34,-0.8206,674944.06,2361226.415,5.714,31.94183952785557,32.04129048591003,31.363215771902343,31.688691634626036
600036.SH,20240516,35.08,36.45,35.0,36.25,35.05,3.4237,1291475.53,4659047.071,5.714,31.715814623186343,32.95443110077373,31.64348665369219,32.77361117703834
600036.SH,20240517,36.3,36.9,36.06,36.85,36.25,1.6552,916879.44,3342837.158,5.714,32.81881615797218,33.36127592917833,32.601832249489725,33.316070948244494
600036.SH,20240520,36.85,37.0,36.09,36.38,36.85,-1.2754,914250.0,3337501.051,5.714,33.316070948244494,33.451685891046026,32.62895523805004,32.89114412746634
600036.SH,20240521,36.36,36.52,36.13,36.24,36.38,-0.3848,445999.44,1620630.88,5.714,32.8730621350928,33.01771807408111,32.66511922279711,32.76457018085157
600036.SH,20240522,36.22,36.38,35.76,36.06,36.24,-0.4967,664477.39,2398900.244,5.714,32.74648818847803,32.89114412746634,32.33060236388665,32.601832249489725
600036.SH,20240523,35.9,36.01,35.32,35.5,36.06,-1.553,924584.95,3284073.837,5.714,32.45717631050142,32.55662726855588,31.932798531668805,32.09553646303065
600036.SH,20240524,35.3,35.48,34.66,34.74,35.5,-2.1408,870440.0,3051224.758,5.714,31.914716539295263,32.07745447065711,31.336092783342032,31.408420752836193
600036.SH,20240527,34.85,35.21,34.75,35.14,34.74,1.1514,570938.14,1997775.669,5.714,31.507871710890655,31.833347573614343,31.417461749022962,31.77006060030696
600036.SH,20240528,35.1,35.33,34.72,34.83,35.14,-0.8822,476190.58,1660811.058,5.714,31.733896615559882,31.94183952785557,31.39033876046265,31.489789718517113
600036.SH,20240529,34.75,35.06,34.46,34.57,34.83,-0.7465,491041.18,1703567.318,5.714,31.417461749022962,31.69773263081281,31.155272859606654,31.254723817661112
600036.SH,20240530,34.45,34.9,34.18,34.34,34.57,-0.6653,559244.84,1928489.154,5.714,31.146231863419885,31.553076691824497,30.90212496637712,31.046780905365427
600036.SH,20240531,34.53,34.6,34.28,34.28,34.34,-0.1747,508932.48,1752657.846,5.714,31.21855983291404,31.281846806221424,30.992534928244808,30.992534928244808
600036.SH,20240603,34.22,34.38,33.92,34.15,34.28,-0.3792,608111.35,2071791.245,5.714,30.938288951124193,31.0829448901125,30.66705906552112,30.875001977816808
600036.SH,20240604,34.15,34.68,34.1,34.54,34.15,1.142,533788.42,1840296.169,5.714,30.875001977816808,31.354174775715578,30.829796996882965,31.227600829100805
600036.SH,20240605,34.68,34.7,33.89,33.99,34.54,-1.5924,691041.22,2359792.656,5.714,31.354174775715578,31.372256768089116,30.63993607696081,30.730346038828504
600036.SH,20240606,34.09,34.2,33.78,34.0,33.99,0.0294,677240.66,2302856.624,5.714,30.8207560006962,30.920206958750658,30.540485118906346,30.73938703501527
600036.SH,20240607,34.05,34.25,33.65,33.99,34.0,-0.0294,678265.59,2298090.33,5.714,30.784592015949116,30.965411939684504,30.42295216847835,30.730346038828504
600036.SH,20240611,33.78,33.97,33.12,33.36,33.99,-1.8535,690448.31,2309722.313,5.714,30.540485118906346,30.712264046454962,29.94377937057958,30.160763279062042
600036.SH,20240612,33.35,33.36,32.95,33.09,33.36,-0.8094,511380.59,1693037.688,5.714,30.151722282875273,30.160763279062042,29.790082435404507,29.916656382019276
600036.SH,20240613,33.2,33.22,32.72,32.82,33.09,-0.816,550184.21,1808251.998,5.714,30.016107340073738,30.034189332447273,29.582139523108815,29.672549484976507
600036.SH,20240614,32.82,34.02,32.82,33.81,32.82,3.0165,991674.29,3324856.785,5.714,29.672549484976507,30.757469027388808,29.672549484976507,30.567608107466658
600036.SH,20240617,33.6,33.8,33.39,33.73,33.81,-0.2366,457682.48,1539063.152,5.714,30.377747187544504,30.55856711127988,30.18788626762235,30.495280137972497
600036.SH,20240618,33.86,34.3,33.62,33.71,33.73,-0.0593,453675.39,1538144.777,5.714,30.6128130884005,31.010616920618343,30.39582917991804,30.477198145598962
600036.SH,20240619,33.71,34.4,33.66,34.15,33.71,1.3053,585937.22,1997678.159,5.714,30.477198145598962,31.101026882486035,30.431993164665116,30.875001977816808
600036.SH,20240620,34.16,34.23,33.9,34.01,34.15,-0.41,392466.67,1336247.232,5.714,30.884042974003574,30.94732994731096,30.648977073147577,30.74842803120204
600036.SH,20240621,33.88,34.08,33.49,33.7,34.01,-0.9115,523962.8,1765822.362,5.714,30.630895080774042,30.811715004509423,30.278296229490046,30.4681571494122
600036.SH,20240624,33.79,34.22,33.49,34.07,33.7,1.0979,692589.54,2350203.464,5.714,30.549526115093116,30.938288951124193,30.278296229490046,30.802674008322654
600036.SH,20240625,34.07,34.47,33.97,34.3,34.07,0.6751,638160.2,2187945.494,5.7142,30.80375215582032,31.165404661318647,30.713339029445734,31.011702346481854
600036.SH,20240626,34.18,34.36,33.95,34.06,34.3,-0.6997,452638.01,1545807.548,5.714,30.90212496637712,31.064862897738962,30.694182054081427,30.79363301213589
600036.SH,20240627,33.96,34.34,33.83,34.26,34.06,0.5872,555172.6,1894891.373,5.714,30.703223050268196,31.046780905365427,30.585690099840193,30.974452935871266
600036.SH,20240628,34.2,34.48,34.04,34.19,34.26,-0.2043,525749.4,1799951.939,5.714,30.920206958750658,31.17335485198019,30.775551019762347,30.911165962563885
600036.SH,20240701,34.19,34.4,33.95,34.36,34.19,0.4972,472238.65,1616131.283,5.714,30.911165962563885,31.101026882486035,30.694182054081427,31.064862897738962
600036.SH,20240702,34.38,35.25,34.36,35.08,34.36,2.0955,868770.71,3041833.255,5.714,31.0829448901125,31.86951155836142,31.064862897738962,31.715814623186343
600036.SH,20240703,35.01,35.09,34.31,34.46,35.08,-1.7674,691372.7,2388331.234,5.714,31.65252764987896,31.72485561937312,31.019657916805116,31.155272859606654
600036.SH,20240704,34.54,35.04,34.48,34.71,34.46,0.7255,696918.92,2424281.266,5.714,31.227600829100805,31.679650638439263,31.17335485198019,31.38129776427588
600036.SH,20240705,34.71,34.83,33.66,33.88,34.71,-2.3912,967782.76,3295568.199,5.714,31.38129776427588,31.489789718517113,30.431993164665116,30.630895080774042
600036.SH,20240708,33.85,34.23,33.71,33.99,33.88,0.3247,545730.02,1855611.836,5.714,30.603772092213735,30.94732994731096,30.477198145598962,30.730346038828504
600036.SH,20240709,33.99,34.55,33.72,34.47,33.99,1.4122,621037.01,2124005.154,5.714,30.730346038828504,31.236641825287574,30.486239141785735,31.16431385579342
600036.SH,20240710,34.47,35.0,34.45,34.68,34.47,0.6092,726314.24,2524474.646,5.714,31.16431385579342,31.64348665369219,31.146231863419885,31.354174775715578
600036.SH,20240711,33.08,33.13,32.79,32.9,32.71,0.5809,732388.96,2411951.386,6.0581,31.708667267922973,31.756594515909562,31.430689229600794,31.53612917517128
600036.SH,20240712,33.01,34.08,33.01,34.0,32.9,3.3435,944904.25,3199683.547,6.0581,31.641569120741757,32.66721222765462,31.641569120741757,32.59052863087609
600036.SH,20240715,34.0,34.05,33.72,33.78,34.0,-0.6471,474603.66,1605883.747,6.0581,32.59052863087609,32.63845587886267,32.32213604215123,32.37964873973513
600036.SH,20240716,33.76,33.89,33.46,33.79,33.78,0.0296,455792.55,1535668.998,6.0581,32.36047784054049,32.48508868530561,32.072914352621005,32.38923418933244
600036.SH,20240717,33.7,34.19,33.65,34.07,33.79,0.8286,577954.22,1964635.267,6.0581,32.3029651429566,32.772652173225104,32.25503789497001,32.657626778057306
600036.SH,20240718,34.07,34.25,33.76,34.09,34.07,0.0587,598627.17,2036474.28,6.0581,32.657626778057306,32.83016487080901,32.36047784054049,32.67679767725195
600036.SH,20240719,34.0,34.3,33.59,34.25,34.09,0.4693,810072.18,2749172.01,6.0581,32.59052863087609,32.878092118795585,32.19752519738612,32.83016487080901
600036.SH,20240722,34.17,34.17,33.09,33.34,34.25,-2.6569,808205.77,2694241.975,6.0581,32.75348127403048,32.75348127403048,31.718252717520294,31.957888957453207
600036.SH,20240723,33.34,33.71,33.23,33.34,33.34,0.0,538754.68,1803269.6,6.0581,31.957888957453207,32.31255059255391,31.85244901188272,31.957888957453207
600036.SH,20240724,33.45,33.58,33.03,33.18,33.34,-0.4799,482452.94,1604648.703,6.0581,32.06332890302369,32.187939747788796,31.66074001993639,31.80452176389614
600036.SH,20240725,33.22,33.32,32.37,32.83,33.18,-1.0549,762078.54,2496804.673,6.0581,31.842863562285405,31.93871805825857,31.0281003465135,31.46903102799006
600036.SH,20240726,32.8,33.04,32.11,32.37,32.83,-1.4012,601461.67,1952156.132,6.0581,31.440274679198108,31.670325469533708,30.778878656983274,31.0281003465135
600036.SH,20240729,32.38,32.65,32.2,32.45,32.37,0.2471,413475.33,1343740.115,6.0581,31.03768579611082,31.296492935238362,30.865147703359124,31.104783943292038
600036.SH,20240730,32.4,32.59,32.15,32.42,32.45,-0.0924,390781.61,1264925.929,6.0581,31.056856695305452,31.238980237654467,30.81722045537254,31.076027594500086
600036.SH,20240731,32.42,33.0,32.25,32.73,32.42,0.9562,595369.65,1948675.368,6.0581,31.076027594500086,31.63198367114444,30.913074951345703,31.373176532016892
600036.SH,20240801,32.73,32.85,32.27,32.71,32.73,-0.0611,409138.81,1332771.463,6.0581,31.373176532016892,31.488201927184694,30.93224585054034,31.354005632822265
600036.SH,20240802,32.42,32.6,32.23,32.28,32.71,-1.3146,386130.24,1250037.017,6.0581,31.076027594500086,31.248565687251784,30.893904052151072,30.941831300137654
600036.SH,20240805,32.2,32.52,32.05,32.1,32.28,-0.5576,584419.84,1884940.815,6.0581,30.865147703359124,31.17188209047325,30.72136595939937,30.76929320738596
600036.SH,20240806,32.36,32.39,31.51,31.7,32.1,-1.2461,514388.64,1637765.272,6.0581,31.018514896916184,31.047271245708135,30.203751681144283,30.385875223493297
600036.SH,20240807,31.73,31.9,31.55,31.58,31.7,-0.3785,390731.73,1238023.516,6.0581,30.41463157228525,30.577584215439625,30.242093479533548,30.270849828325495
600036.SH,20240808,31.61,31.98,31.38,31.93,31.58,1.1083,394599.78,1252394.782,6.0581,30.299606177117447,30.65426781221816,30.079140836379167,30.606340564231576
600036.SH,20240809,31.97,32.58,31.81,32.33,31.93,1.2527,482748.47,1561254.687,6.0581,30.64468236262084,31.229394788057146,30.49131516906378,30.989758548124232
600036.SH,20240812,32.3,32.34,31.93,32.12,32.33,-0.6496,318943.21,1023447.632,6.0581,30.96100219933228,30.999343997721557,30.606340564231576,30.788464106580587
600036.SH,20240813,32.1,32.23,31.76,31.94,32.12,-0.5604,282377.69,902009.896,6.0581,30.76929320738596,30.893904052151072,30.4433879210772,30.615926013828894
600036.SH,20240814,31.9,32.14,31.81,31.86,31.94,-0.2505,282446.1,901196.911,6.0581,30.577584215439625,30.807635005775225,30.49131516906378,30.539242417050357
600036.SH,20240815,31.85,32.92,31.65,32.76,31.86,2.8249,739789.83,2409557.383,6.0581,30.529656967453043,31.55530007436591,30.33794797550671,31.401932880808843
600036.SH,20240816,32.75,33.25,32.72,33.15,32.76,1.1905,418503.02,1383877.362,6.0581,31.39234743121153,31.871619911077353,31.36359108241958,31.77576541510419
600036.SH,20240819,33.25,33.5,33.03,33.42,33.15,0.8145,422843.42,1409948.503,6.0581,31.871619911077353,32.11125615101027,31.66074001993639,32.03457255423174
600036.SH,20240820,33.45,33.6,33.16,33.48,33.42,0.1795,423728.73,1415473.211,6.0581,32.06332890302369,32.20711064698343,31.785350864701503,32.09208525181563
600036.SH,20240821,33.3,33.43,32.82,33.24,33.48,-0.7168,378101.05,1254587.421,6.0581,31.91954715906393,32.044158003829054,31.459445578392746,31.86203446148004
600036.SH,20240822,33.28,33.55,33.18,33.3,33.24,0.1805,382863.99,1276718.683,6.0581,31.900376259869304,32.159183398996845,31.80452176389614,31.91954715906393
600036.SH,20240823,33.27,33.85,33.07,33.7,33.3,1.2012,465587.26,1561509.818,6.0581,31.89079081027199,32.446746886916344,31.69908181832566,32.3029651429566
600036.SH,20240826,33.7,33.84,33.47,33.77,33.7,0.2077,351174.6,1182990.04,6.0581,32.3029651429566,32.43716143731903,32.082499802218315,32.370063290137814
600036.SH,20240827,33.77,33.94,33.53,33.7,33.77,-0.2073,387208.57,1308314.397,6.0581,32.370063290137814,32.53301593329219,32.14001249980222,32.3029651429566
600036.SH,20240828,33.83,33.98,33.44,33.68,33.7,-0.0593,415232.08,1398682.394,6.0581,32.42757598772171,32.57135773168146,32.053743453426364,32.28379424376196
600036.SH,20240829,33.59,33.77,32.9,32.93,33.68,-2.2268,516387.82,1712021.359,6.0581,32.19752519738612,32.370063290137814,31.53612917517128,31.564885523963223
600036.SH,20240830,32.8,33.11,32.12,32.15,32.93,-2.3687,1112229.83,3618077.5,6.0581,31.440274679198108,31.737423616714924,30.788464106580587,30.81722045537254
600036.SH,20240902,32.0,32.38,31.84,31.93,32.15,-0.6843,558020.65,1787602.792,6.0581,30.673438711412793,31.03768579611082,30.520071517855726,30.606340564231576
600036.SH,20240903,32.01,32.08,31.4,31.62,31.93,-0.9709,505751.88,1596269.78,6.0581,30.683024161010106,30.750122308191322,30.0983117355738,30.309191626714767
600036.SH,20240904,31.53,31.93,31.35,31.36,31.62,-0.8223,380525.9,1198859.446,6.0581,30.222922580338917,30.606340564231576,30.050384487587223,30.059969937184537
600036.SH,20240905,31.36,31.44,30.9,31.2,31.36,-0.5102,542063.45,1687017.96,6.0581,30.059969937184537,30.13665353396307,29.619039255707975,29.90660274362747
600036.SH,20240906,31.25,31.74,31.2,31.25,31.2,0.1603,383182.14,1206615.762,6.0581,29.954529991614052,30.424217021882562,29.90660274362747,29.954529991614052
600036.SH,20240909,30.98,30.99,30.04,30.24,31.25,-3.232,871073.47,2641195.521,6.0581,29.69572285248651,29.705308302083825,28.79469059033876,28.986399582285085
600036.SH,20240910,30.25,30.43,29.94,30.19,30.24,-0.1653,476023.57,1435849.555,6.0581,28.995985031882405,29.168523124634103,28.698836094365596,28.938472334298506
600036.SH,20240911,30.14,30.2,29.93,30.08,30.19,-0.3644,415793.76,1249059.023,6.0581,28.890545086311924,28.94805778389582,28.689250644768276,28.833032388728025
600036.SH,20240912,30.1,30.5,29.94,30.23,30.08,0.4987,410266.97,1242374.645,6.0581,28.852203287922656,29.235621271815315,28.698836094365596,28.97681413268777
600036.SH,20240913,30.28,30.9,30.0,30.6,30.23,1.2239,495974.43,1520857.906,6.0581,29.024741380674357,29.619039255707975,28.756348791949492,29.331475767788483
600036.SH,20240918,30.61,31.2,30.61,31.11,30.6,1.6667,418540.27,1295345.114,6.0581,29.341061217385796,29.90660274362747,29.341061217385796,29.820333697251623
600036.SH,20240919,31.2,31.23,30.63,30.82,31.11,-0.9322,451191.26,1393040.942,6.0581,29.90660274362747,29.93535909241942,29.36023211658043,29.542355658929445
600036.SH,20240920,30.82,31.11,30.66,30.94,30.82,0.3894,487417.55,1505998.312,6.0581,29.542355658929445,29.820333697251623,29.388988465372382,29.657381054097243
600036.SH,20240923,30.85,31.49,30.84,31.39,30.94,1.4544,344608.72,1076332.365,6.0581,29.571112007721396,30.184580781949652,29.561526558124076,30.088726285976488
600036.SH,20240924,31.68,33.14,31.67,33.13,31.39,5.5432,1361218.0,4427310.186,6.0581,30.366704324298663,31.766179965506876,30.35711887470135,31.756594515909562
600036.SH,20240925,33.85,34.49,33.7,34.15,33.13,3.0788,1856242.79,6327661.421,6.0581,32.446746886916344,33.0602156611446,32.3029651429566,32.734310374835836
600036.SH,20240926,34.16,35.38,33.91,35.38,34.15,3.6018,1745329.99,6068657.572,6.0581,32.74389582443315,33.91332067530577,32.50425958450024,33.91332067530577
600036.SH,20240927,36.11,36.5,34.91,35.63,35.38,0.7066,745457.82,2653812.67,6.0581,34.61305849590987,34.986891030205214,33.462804544231886,34.15295691523868
600036.SH,20240930,36.35,38.0,35.92,37.61,35.63,5.5571,2561012.6,9443438.268,6.0581,34.843109286245465,36.42470846980269,34.430934953560865,36.05087593550735
600036.SH,20241008,41.37,41.37,38.82,40.0,37.61,6.3547,2973038.68,11999361.938,6.0581,39.65500498409835,39.65500498409835,37.21071533678264,38.34179838926599
600036.SH,20241009,39.7,39.72,37.01,37.01,40.0,-7.475,1855932.1,7113813.985,6.0581,38.0542349013465,38.073405800541124,35.47574895966836,35.47574895966836
600036.SH,20241010,37.4,39.5,37.4,38.73,37.01,4.6474,1433298.41,5528664.144,6.0581,35.849581493963704,37.86252590940016,35.849581493963704,37.124446290406794
600036.SH,20241011,38.73,39.22,38.03,38.43,38.73,-0.7746,903475.8,3498241.86,6.0581,37.124446290406794,37.5941333206753,36.45346481859464,36.8368828024873
600036.SH,20241014,39.01,39.8,38.69,39.33,38.43,2.3419,1292938.39,5076841.42,6.0581,37.39283887913165,38.15008939731966,37.086104492017526,37.699573266245785
600036.SH,20241015,39.17,39.99,38.5,38.5,39.33,-2.1103,955976.53,3755705.942,6.0581,37.54620607268872,38.33221293966868,36.903980949668515,36.903980949668515
600036.SH,20241016,38.15,39.5,38.13,39.5,38.5,2.5974,1012548.15,3963555.265,6.0581,36.56849021376244,37.86252590940016,36.5493193145678,37.86252590940016
600036.SH,20241017,39.53,39.79,38.49,38.49,39.5,-2.557,848922.28,3315820.471,6.0581,37.89128225819211,38.140503947722344,36.8943955000712,36.8943955000712
600036.SH,20241018,38.51,39.43,38.21,39.05,38.49,1.4549,928194.33,3603949.498,6.0581,36.913566399265825,37.79542776221895,36.62600291134634,37.43118067752092
600036.SH,20241021,39.15,39.15,38.5,38.85,39.05,-0.5122,717539.46,2780905.731,6.0581,37.52703517349409,37.52703517349409,36.903980949668515,37.23947168557459
600036.SH,20241022,38.84,39.6,38.75,39.17,38.85,0.8237,600526.1,2352800.199,6.0581,37.229886235977276,37.95838040537333,37.14361718960143,37.54620607268872
600036.SH,20241023,39.06,39.94,39.02,39.66,39.17,1.251,627099.68,2482861.345,6.0581,37.440766127118245,38.284285691682086,37.402424328728976,38.01589310295722
600036.SH,20241024,39.55,39.68,39.14,39.31,39.66,-0.8825,336312.2,1323826.643,6.0581,37.91045315738674,38.03506400215186,37.51744972389677,37.68040236705115
600036.SH,20241025,39.25,39.49,39.06,39.1,39.31,-0.5342,447931.19,1756222.719,6.0581,37.62288966946725,37.85294045980285,37.440766127118245,37.479107925507506
600036.SH,20241028,39.01,39.1,38.28,38.52,39.1,-1.4834,664640.94,2559210.507,6.0581,37.39283887913165,37.479107925507506,36.69310105852755,36.92315184886315
600036.SH,20241029,38.6,39.1,38.41,38.6,38.52,0.2077,514681.61,1990283.154,6.0581,36.99983544564168,37.479107925507506,36.81771190329266,36.99983544564168
600036.SH,20241030,38.51,38.9,37.61,37.88,38.6,-1.8653,703408.28,2680423.056,6.0581,36.913566399265825,37.28739893356117,36.05087593550735,36.3096830746349
600036.SH,20241031,37.8,37.99,36.91,37.36,37.88,-1.3728,850392.51,3173924.099,6.0581,36.23299947785636,36.41512302020538,35.37989446369519,35.811239695574436
600036.SH,20241101,37.44,38.3,37.38,38.01,37.36,1.7398,703102.11,2671523.515,6.0581,35.887923292352966,36.71227195772218,35.83041059476907,36.434293919400005
600036.SH,20241104,38.1,38.75,37.41,38.75,38.01,1.9469,646612.09,2466019.719,6.0581,36.52056296577585,37.14361718960143,35.859166943561014,37.14361718960143
600036.SH,20241105,38.43,39.1,38.4,39.08,38.75,0.8516,628744.76,2445317.943,6.0581,36.8368828024873,37.479107925507506,36.80812645369535,37.45993702631287
600036.SH,20241106,39.0,39.08,38.15,38.56,39.08,-1.3306,648336.29,2501077.845,6.0581,37.38325342953434,37.45993702631287,36.56849021376244,36.96149364725242
600036.SH,20241107,38.42,39.58,38.38,39.57,38.56,2.6193,743472.18,2904874.006,6.0581,36.827297352889985,37.93920950617869,36.78895555450072,37.92962405658138
600036.SH,20241108,39.68,39.85,38.75,38.8,39.57,-1.9459,745368.46,2920926.027,6.0581,38.03506400215186,38.19801664530624,37.14361718960143,37.19154443758801
600036.SH,20241111,38.3,38.7,37.89,38.33,38.8,-1.2113,703145.55,2682610.299,6.0581,36.71227195772218,37.09568994161485,36.31926852423221,36.74102830651413
600036.SH,20241112,38.19,38.84,37.51,37.59,38.33,-1.9306,893289.28,3399364.219,6.0581,36.6068320121517,37.229886235977276,35.95502143953418,36.031705036312715
600036.SH,20241113,37.59,37.98,37.51,37.82,37.59,0.6119,485304.4,1833809.094,6.0581,36.031705036312715,36.405537570608054,35.95502143953418,36.252170377050994
600036.SH,20241114,37.66,38.48,37.53,38.06,37.82,0.6346,676440.3,2585688.546,6.0581,36.09880318349393,36.88481005047388,35.97419233872881,36.48222116738659
600036.SH,20241115,38.08,38.57,37.81,37.82,38.06,-0.6306,699276.88,2671344.642,6.0581,36.501392066581225,36.97107909684973,36.24258492745368,36.252170377050994
600036.SH,20241118,38.05,38.66,37.8,37.9,37.82,0.2115,763448.07,2918992.44,6.0581,36.472635717789274,37.057348143225575,36.23299947785636,36.328853973829524
600036.SH,20241119,37.91,38.18,37.45,37.72,37.9,-0.4749,521248.55,1967719.175,6.0581,36.338439423426834,36.59724656255439,35.89750874195028,36.15631588107783
600036.SH,20241120,37.8,37.85,37.4,37.48,37.72,-0.6363,451291.26,1693331.536,6.0581,36.23299947785636,36.280926725842946,35.849581493963704,35.92626509074223
600036.SH,20241121,37.48,37.66,37.27,37.43,37.48,-0.1334,350336.14,1309684.433,6.0581,35.92626509074223,36.09880318349393,35.72497064919859,35.87833784275565
600036.SH,20241122,37.43,37.55,36.36,36.45,37.43,-2.6182,690490.9,2544524.441,6.0581,35.87833784275565,35.99336323792345,34.85269473584279,34.938963782218636
600036.SH,20241125,36.7,36.86,36.12,36.22,36.45,-0.631,534094.73,1945383.41,6.0581,35.17860002215155,35.33196721570861,34.622643945507185,34.71849844148035
600036.SH,20241126,36.03,36.58,35.84,36.39,36.22,0.4694,459421.21,1666651.768,6.0581,34.53637489913134,35.063574626983744,34.35425135678233,34.88145108463473
600036.SH,20241127,36.39,36.68,36.11,36.6,36.39,0.5771,392076.88,1429782.933,6.0581,34.88145108463473,35.159429122956915,34.61305849590987,35.082745526178385
600036.SH,20241128,36.6,36.85,36.18,36.47,36.6,-0.3552,451939.1,1647865.702,6.0581,35.082745526178385,35.32238176611129,34.68015664309109,34.95813468141326
600036.SH,20241129,36.59,37.0,36.31,36.34,36.47,-0.3565,664379.99,2437776.752,6.0581,35.07316007658107,35.46616351007104,34.8047674878562,34.833523836648155
600036.SH,20241202,36.45,36.68,36.2,36.51,36.34,0.4678,424652.09,1548959.36,6.0581,34.938963782218636,35.159429122956915,34.69932754228572,34.99647647980253
600036.SH,20241203,36.65,37.22,36.38,37.12,36.51,1.6708,721986.09,2658919.819,6.0581,35.130672774164964,35.677043401212,34.871865635037416,35.58118890523883
600036.SH,20241204,37.09,37.09,36.53,36.81,37.12,-0.8351,620511.24,2285383.469,6.0581,35.55243255644689,35.55243255644689,35.015647378997166,35.28403996772203
600036.SH,20241205,36.66,37.36,36.61,36.91,36.81,0.2717,568949.34,2108115.265,6.0581,35.140258223762274,35.811239695574436,35.092330975775695,35.37989446369519
600036.SH,20241206,37.01,37.82,37.01,37.7,36.91,2.1403,877235.87,3296793.042,6.0581,35.47574895966836,36.252170377050994,35.47574895966836,36.137144981883196
600036.SH,20241209,37.59,37.99,37.35,37.7,37.7,0.0,492995.35,1859542.283,6.0581,36.031705036312715,36.41512302020538,35.80165424597712,36.137144981883196
600036.SH,20241210,38.8,38.99,38.4,38.6,37.7,2.3873,1038953.19,4022695.501,6.0581,37.19154443758801,37.373667979937025,36.80812645369535,36.99983544564168
600036.SH,20241211,38.54,38.79,38.23,38.3,38.6,-0.7772,517709.36,1988895.959,6.0581,36.94232274805778,37.1819589879907,36.64517381054097,36.71227195772218
600036.SH,20241212,38.29,38.83,38.21,38.8,38.3,1.3055,586888.76,2267252.621,6.0581,36.70268650812487,37.22030078637996,36.62600291134634,37.19154443758801
600036.SH,20241213,38.45,38.6,37.28,37.3,38.8,-3.866,1117982.8,4213094.969,6.0581,36.85605370168194,36.99983544564168,35.734556098795906,35.75372699799053
600036.SH,20241216,37.35,37.78,37.32,37.74,37.3,1.1796,640315.89,2409086.954,6.0581,35.80165424597712,36.213828578661726,35.77289789718517,36.175486780272465
600036.SH,20241217,37.54,38.16,37.54,37.85,37.74,0.2915,603104.08,2287237.539,6.0581,35.98377778832613,36.578075663359755,35.98377778832613,36.280926725842946
600036.SH,20241218,38.02,38.66,37.86,38.52,37.85,1.7701,805855.36,3101731.956,6.0581,36.44387936899732,37.057348143225575,36.290512175440256,36.92315184886315
600036.SH,20241219,38.38,38.53,38.0,38.02,38.52,-1.298,611195.82,2336249.857,6.0581,36.78895555450072,36.93273729846047,36.42470846980269,36.44387936899732
600036.SH,20241220,38.05,38.28,37.86,37.91,38.02,-0.2893,542150.38,2060744.582,6.0581,36.472635717789274,36.69310105852755,36.290512175440256,36.338439423426834
600036.SH,20241223,37.99,38.7,37.98,38.35,37.91,1.1606,902691.56,3473126.152,6.0581,36.41512302020538,37.09568994161485,36.405537570608054,36.76019920570877
600036.SH,20241224,38.35,39.29,38.32,39.22,38.35,2.2686,993428.46,3875223.368,6.0581,36.76019920570877,37.66123146785652,36.73144285691682,37.5941333206753
600036.SH,20241225,39.23,39.56,38.99,39.4,39.22,0.4589,755913.07,2972981.821,6.0581,37.603718770272614,37.920038606984065,37.373667979937025,37.766671413427
600036.SH,20241226,39.4,39.54,39.01,39.48,39.4,0.203,539251.94,2125139.425,6.0581,37.766671413427,37.90086770778943,37.39283887913165,37.84335501020553
600036.SH,20241227,39.48,39.64,38.78,39.34,39.48,-0.3546,700319.55,2742768.758,6.0581,37.84335501020553,37.996722203762594,37.17237353839337,37.7091587158431
600036.SH,20241230,39.34,39.8,39.25,39.62,39.34,0.7117,678845.33,2690314.729,6.0581,37.7091587158431,38.15008939731966,37.62288966946725,37.97755130456796
600036.SH,20241231,39.56,39.9,39.3,39.3,39.62,-0.8077,643716.99,2549055.494,6.0581,37.920038606984065,38.245943893292825,37.670816917453834,37.670816917453834
600036.SH,20250102,39.35,39.5,38.34,38.51,39.3,-2.0102,642000.7,2493694.677,6.0581,37.71874416544042,37.86252590940016,36.750613756111456,36.913566399265825
600036.SH,20250103,38.6,39.04,38.54,38.66,38.51,0.3895,682583.06,2646967.329,6.0581,36.99983544564168,37.4215952279236,36.94232274805778,37.057348143225575
600036.SH,20250106,38.9,39.1,38.13,39.05,38.66,1.0088,617158.63,2394244.404,6.0581,37.28739893356117,37.479107925507506,36.5493193145678,37.43118067752092
600036.SH,20250107,38.97,39.15,38.61,38.9,39.05,-0.3841,492752.05,1917344.814,6.0581,37.35449708074239,37.52703517349409,37.009420895238996,37.28739893356117
600036.SH,20250108,38.83,39.55,38.82,39.28,38.9,0.9769,751481.02,2952943.868,6.0581,37.22030078637996,37.91045315738674,37.21071533678264,37.6516460182592
600036.SH,20250109,39.4,39.43,38.83,39.0,39.28,-0.7128,447083.35,1748399.288,6.0581,37.766671413427,37.79542776221895,37.22030078637996,37.38325342953434
600036.SH,20250110,39.34,39.45,38.81,38.98,39.0,-0.0513,481424.8,1881660.497,6.0581,37.7091587158431,37.814598661413584,37.201129887185324,37.3640825303397
600036.SH,20250113,38.93,39.15,38.54,39.07,38.98,0.2309,606322.74,2360608.444,6.0581,37.31615528235312,37.52703517349409,36.94232274805778,37.450351576715555
600036.SH,20250114,39.09,39.97,38.9,39.85,39.07,1.9964,708011.88,2802857.578,6.0581,37.46952247591019,38.31304204047404,37.28739893356117,38.19801664530624
600036.SH,20250115,39.99,41.0,39.89,40.64,39.85,1.9824,796700.88,3234242.853,6.0581,38.33221293966868,39.300343348997636,38.23635844369551,38.95526716349425
600036.SH,20250116,40.65,41.15,40.53,40.99,40.64,0.8612,592593.86,2423118.469,6.0581,38.96485261309156,39.444125092957385,38.84982721792376,39.290757899400326
600036.SH,20250117,40.96,41.16,40.13,40.71,40.99,-0.6831,475900.5,1936832.044,6.0581,39.262001550608375,39.4537105425547,38.466409234031104,39.02236531067546
600036.SH,20250120,40.98,41.07,40.11,40.12,40.71,-1.4493,542574.82,2195966.48,6.0581,39.281172449803,39.367441496178856,38.44723833483647,38.45682378443379
600036.SH,20250121,40.32,40.51,40.01,40.14,40.12,0.0499,400685.06,1613495.367,6.0581,38.648532776380115,38.83065631872913,38.351383838863306,38.47599468362842
600036.SH,20250122,40.14,40.16,39.32,39.45,40.14,-1.719,588912.22,2327377.021,6.0581,38.47599468362842,38.49516558282305,37.68998781664847,37.814598661413584
600036.SH,20250123,39.67,40.23,39.52,39.83,39.45,0.9632,606618.1,2417576.583,6.0581,38.025478552554546,38.56226373000427,37.8816968085948,38.17884574611161
600036.SH,20250124,39.66,40.55,39.46,40.26,39.83,1.0796,574652.34,2312073.726,6.0581,38.01589310295722,38.868998117118394,37.8241841110109,38.59102007879621
600036.SH,20250127,40.58,40.97,40.55,40.65,40.26,0.9687,526060.47,2144848.681,6.0581,38.897754465910346,39.271587000205685,38.868998117118394,38.96485261309156
600036.SH,20250205,40.85,40.9,39.9,40.0,40.65,-1.599,504788.89,2030411.802,6.0581,39.15656160503789,39.20448885302447,38.245943893292825,38.34179838926599
600036.SH,20250206,40.0,40.38,39.73,40.2,40.0,0.5,466088.42,1866867.478,6.0581,38.34179838926599,38.70604547396402,38.08299125013844,38.533507381212324
600036.SH,20250207,40.1,40.4,39.96,40.2,40.2,0.0,521066.18,2092855.37,6.0581,38.43765288523916,38.72521637315865,38.30345659087673,38.533507381212324
600036.SH,20250210,40.2,40.92,39.96,40.6,40.2,0.995,581805.95,2357786.974,6.0581,38.533507381212324,39.223659752219106,38.30345659087673,38.91692536510498
600036.SH,20250211,40.75,41.04,40.64,40.98,40.6,0.936,457771.19,1872296.623,6.0581,39.06070710906473,39.338685147386904,38.95526716349425,39.281172449803
600036.SH,20250212,40.96,41.66,40.56,41.62,40.98,1.5617,603591.49,2484722.115,6.0581,39.262001550608375,39.93298302242052,38.87858356671571,39.89464122403126
600036.SH,20250213,41.65,41.95,41.34,41.71,41.62,0.2162,462206.98,1927409.816,6.0581,39.923397572823205,40.21096106074271,39.6262486353064,39.98091027040711
600036.SH,20250214,41.69,42.03,41.52,42.03,41.71,0.7672,498736.9,2086301.72,6.0581,39.961739371212474,40.28764465752124,39.7987867280581,40.28764465752124
600036.SH,20250217,41.99,41.99,41.36,41.72,42.03,-0.7376,536125.61,2228540.282,6.0581,40.24930285913197,40.24930285913197,39.64541953450103,39.990495720004425
600036.SH,20250218,41.51,42.48,41.51,42.05,41.72,0.791,546665.39,2301403.254,6.0581,39.78920127846078,40.718989889400476,39.78920127846078,40.30681555671587
600036.SH,20250219,42.0,42.15,41.76,41.98,42.05,-0.1665,374702.23,1572476.676,6.0581,40.25888830872929,40.40267005268903,40.02883751839369,40.239717409534656
600036.SH,20250220,42.0,42.09,41.68,41.85,41.98,-0.3097,407675.08,1705724.684,6.0581,40.25888830872929,40.345157355105144,39.95215392161516,40.11510656476955
600036.SH,20250221,41.96,41.99,41.22,41.4,41.85,-1.0753,595255.79,2467492.898,6.0581,40.22054651034002,40.24930285913197,39.511223240138605,39.6837613328903
600036.SH,20250224,41.39,41.75,41.1,41.27,41.4,-0.314,571107.09,2361716.151,6.0581,39.67417588329298,40.019252068796376,39.39619784497081,39.55915048812519
600036.SH,20250225,41.15,41.44,40.91,41.03,41.27,-0.5815,507321.2,2088784.244,6.0581,39.444125092957385,39.72210313127956,39.21407430262179,39.32909969778959
600036.SH,20250226,41.13,41.7,41.05,41.48,41.03,1.0968,476446.61,1974231.834,6.0581,39.42495419376276,39.9713248208098,39.34827059698422,39.76044492966883
600036.SH,20250227,41.6,42.4,41.28,42.38,41.48,2.1697,622596.57,2611617.503,6.0581,39.87547032483663,40.642306292621946,39.5687359377225,40.62313539342732
600036.SH,20250228,42.38,42.66,42.05,42.05,42.38,-0.7787,705423.65,2985755.469,6.0581,40.62313539342732,40.891527982152176,40.30681555671587,40.30681555671587
600036.SH,20250303,42.12,42.62,41.95,42.05,42.05,0.0,470149.02,1983165.73,6.0581,40.37391370389708,40.85318618376291,40.21096106074271,40.30681555671587
600036.SH,20250304,41.91,42.1,41.77,41.8,42.05,-0.5945,317245.42,1329037.847,6.0581,40.172619262353436,40.354742804702454,40.03842296799101,40.067179316782955
600036.SH,20250305,41.96,42.91,41.75,42.89,41.8,2.6077,632037.43,2689749.944,6.0581,40.22054651034002,41.13116422208509,40.019252068796376,41.11199332289046
600036.SH,20250306,42.89,43.1,42.45,42.96,42.89,0.1632,572053.04,2450800.591,6.0581,41.11199332289046,41.31328776443411,40.69023354060853,41.17909147007167
600036.SH,20250307,42.9,43.8,42.85,43.57,42.96,1.4199,605413.19,2626484.644,6.0581,41.121578772487766,41.984269236246256,41.073651524501194,41.763803895507984
600036.SH,20250310,43.49,43.58,42.82,43.07,43.57,-1.1476,508749.71,2191791.878,6.0581,41.68712029872945,41.773389345105294,41.044895175709236,41.28453141564216
600036.SH,20250311,42.77,43.64,42.71,43.51,43.07,1.0216,565741.09,2447134.269,6.0581,40.996967927722665,41.830902042689196,40.93945523013876,41.70629119792408
600036.SH,20250312,43.5,43.86,43.25,43.54,43.51,0.0689,418258.36,1822497.448,6.0581,41.69670574832676,42.04178193383016,41.45706950839385,41.735047546716025
600036.SH,20250313,43.6,44.38,43.5,43.84,43.54,0.689,585539.28,2575079.64,6.0581,41.79256024429993,42.54022531289062,41.69670574832676,42.02261103463553
600036.SH,20250314,44.0,45.47,43.94,45.16,43.84,3.0109,911275.35,4095818.343,6.0581,42.17597822819259,43.58503931899811,42.11846553060869,43.2878903814813
600036.SH,20250317,45.32,45.5,44.98,45.04,45.16,-0.2657,654209.73,2957486.225,6.0581,43.44125757503837,43.613795667790065,43.115352288729596,43.1728649863135
600036.SH,20250318,45.29,45.38,44.82,45.14,45.04,0.222,428220.01,1933102.848,6.0581,43.41250122624641,43.498770272622274,42.961985095172544,43.26871948228667
600036.SH,20250319,45.28,46.1,45.1,46.02,45.14,1.9495,670705.94,3061182.015,6.0581,43.4029157766491,44.188922643629056,43.2303776838974,44.112239046850526
600036.SH,20250320,45.92,45.92,44.78,45.24,46.02,-1.6949,678656.03,3067327.047,6.0581,44.01638455087736,44.01638455087736,42.92364329678328,43.364573978259834
600036.SH,20250321,45.12,45.34,44.52,44.7,45.24,-1.1936,675411.7,3030118.215,6.0581,43.24954858309203,43.460428474233005,42.67442160725305,42.84695970000475
600036.SH,20250324,44.55,45.19,44.55,45.05,44.7,0.783,449576.19,2018232.266,6.0581,42.703177956044996,43.316646730273256,42.703177956044996,43.18245043591082
600036.SH,20250325,45.0,45.5,44.95,45.09,45.05,0.0888,356871.55,1610425.397,6.0581,43.13452318792424,43.613795667790065,43.08659593993766,43.22079223430009
600036.SH,20250326,44.5,44.59,42.61,42.66,45.09,-5.3892,1578326.32,6817699.594,6.0581,42.65525070805841,42.741519754434265,40.84360073416559,40.891527982152176
600036.SH,20250327,42.75,43.74,42.74,43.26,42.66,1.4065,827950.81,3583722.318,6.0581,40.97779702852802,41.92675653866236,40.968211578930706,41.46665495799117
600036.SH,20250328,43.3,43.45,43.06,43.22,43.26,-0.0925,386184.09,1671063.294,6.0581,41.504996756380436,41.648778500340185,41.27494596604484,41.4283131596019
600036.SH,20250331,43.21,43.78,42.61,43.29,43.22,0.162,539568.88,2334387.177,6.0581,41.41872771000458,41.96509833705163,40.84360073416559,41.49541130678311
600036.SH,20250401,43.28,43.29,42.75,42.87,43.29,-0.9702,389360.35,1671945.743,6.0581,41.4858258571858,41.49541130678311,40.97779702852802,41.09282242369582
600036.SH,20250402,42.87,43.15,42.68,42.73,42.87,-0.3266,331201.89,1420244.308,6.0581,41.09282242369582,41.361215012420686,40.91069888134681,40.95862612933339
600036.SH,20250403,42.02,42.85,42.02,42.65,42.73,-0.1872,464165.5,1977833.089,6.0581,40.278059207923924,41.073651524501194,40.278059207923924,40.88194253255486
600036.SH,20250407,40.94,42.0,39.39,40.83,42.65,-4.2673,1815632.92,7360169.684,6.0581,39.24283065141373,40.25888830872929,37.75708596382969,39.13739070584326
600036.SH,20250408,40.78,41.2,40.44,41.15,40.83,0.7837,1610477.36,6562173.34,6.0581,39.08946345785668,39.49205234094397,38.76355817154791,39.444125092957385
600036.SH,20250409,40.6,41.02,40.3,40.46,41.15,-1.6768,973969.35,3956703.949,6.0581,38.91692536510498,39.31951424819228,38.62936187718548,38.782729070742555
600036.SH,20250410,40.99,41.45,40.55,41.1,40.46,1.5818,743788.75,3057795.208,6.0581,39.290757899400326,39.731688580876884,38.868998117118394,39.39619784497081
600036.SH,20250411,41.11,41.69,40.81,41.51,41.1,0.9976,583056.91,2404586.566,6.0581,39.405783294568124,39.961739371212474,39.11821980664863,39.78920127846078
600036.SH,20250414,41.68,41.91,41.41,41.48,41.51,-0.0723,482159.84,2006762.053,6.0581,39.95215392161516,40.172619262353436,39.69334678248761,39.76044492966883
600036.SH,20250415,41.49,42.29,41.45,42.1,41.48,1.4947,614563.86,2578602.435,6.0581,39.77003037926615,40.53686634705147,39.731688580876884,40.354742804702454
600036.SH,20250416,41.98,42.58,41.82,42.25,42.1,0.3563,576293.58,2425842.589,6.0581,40.239717409534656,40.81484438537365,40.086350215977596,40.4985245486622
600036.SH,20250417,42.12,42.36,41.85,42.12,42.25,-0.3077,405792.88,1711632.454,6.0581,40.37391370389708,40.603964494232685,40.11510656476955,40.37391370389708
600036.SH,20250418,42.13,42.79,42.05,42.75,42.12,1.4957,435001.28,1849158.562,6.0581,40.383499153494405,41.01613882691729,40.30681555671587,40.97779702852802
600036.SH,20250421,42.66,43.08,42.28,42.28,42.75,-1.0994,416465.85,1774479.138,6.0581,40.891527982152176,41.29411686523947,40.52728089745415,40.52728089745415
600036.SH,20250422,42.31,42.54,42.01,42.01,42.28,-0.6386,433788.13,1831804.304,6.0581,40.556037246246106,40.77650258698438,40.2684737583266,40.2684737583266
600036.SH,20250423,42.3,42.3,41.77,41.99,42.01,-0.0476,467743.59,1965588.261,6.0581,40.54645179664878,40.54645179664878,40.03842296799101,40.24930285913197
600036.SH,20250424,42.0,42.38,41.95,42.21,41.99,0.5239,413651.85,1747384.624,6.0581,40.25888830872929,40.62313539342732,40.21096106074271,40.460182750272935
600036.SH,20250425,42.29,42.55,42.04,42.08,42.21,-0.308,424349.93,1792844.933,6.0581,40.53686634705147,40.78608803658169,40.29723010711855,40.33557190550782
600036.SH,20250428,42.15,42.56,42.03,42.35,42.08,0.6416,386973.17,1639160.75,6.0581,40.40267005268903,40.79567348617902,40.28764465752124,40.594379044635374
600036.SH,20250429,42.35,42.65,42.0,42.0,42.35,-0.8264,457698.53,1933096.299,6.0581,40.594379044635374,40.88194253255486,40.25888830872929,40.25888830872929
600036.SH,20250430,41.64,41.64,40.51,40.74,42.0,-3.0,1172682.1,4782474.914,6.0581,39.913812123225895,39.913812123225895,38.83065631872913,39.05112165946741
600036.SH,20250506,40.9,41.41,40.51,41.37,40.74,1.5464,666409.99,2734586.584,6.0581,39.20448885302447,39.69334678248761,38.83065631872913,39.65500498409835
600036.SH,20250507,41.79,42.23,41.31,42.02,41.37,1.5712,712913.88,2985699.306,6.0581,40.057593867185645,40.47935364946757,39.59749228651445,40.278059207923924
600036.SH,20250508,42.01,43.42,42.0,42.8,42.02,1.8563,833809.64,3581050.505,6.0581,40.2684737583266,41.62002215154824,40.25888830872929,41.02572427651461
600036.SH,20250509,42.8,43.6,42.8,43.48,42.8,1.5888,668154.72,2897563.045,6.0581,41.02572427651461,41.79256024429993,41.02572427651461,41.67753484913213
600036.SH,20250512,43.45,44.4,43.11,43.8,43.48,0.736,848974.09,3724155.034,6.0581,41.648778500340185,42.55939621208525,41.322873214031425,41.984269236246256
600036.SH,20250513,44.09,44.65,43.85,44.56,43.8,1.7352,699124.17,3099990.42,6.0581,42.26224727456844,42.79903245201815,42.03219648423284,42.71276340564231
600036.SH,20250514,44.55,45.3,44.32,44.81,44.56,0.561,712790.18,3194543.663,6.0581,42.703177956044996,43.42208667584373,42.48271261530672,42.95239964557523
600036.SH,20250515,44.83,45.38,44.65,44.92,44.81,0.2455,684600.48,3080577.618,6.0581,42.971570544769854,43.498770272622274,42.79903245201815,43.05783959114571
600036.SH,20250516,44.75,44.98,44.03,44.27,44.92,-1.447,619655.35,2743750.956,6.0581,42.894886947991324,43.115352288729596,42.204734576984535,42.43478536732014
600036.SH,20250519,44.2,44.46,43.75,43.84,44.27,-0.9713,502817.01,2213557.25,6.0581,42.36768722013892,42.61690890966915,41.93634198825968,42.02261103463553
600036.SH,20250520,44.03,44.61,43.87,43.9,43.84,0.1369,500534.83,2210731.576,6.0581,42.204734576984535,42.76069065362889,42.051367383427475,42.08012373221942
600036.SH,20250521,43.95,44.37,43.84,43.9,43.9,0.0,499200.35,2199193.618,6.0581,42.128050980206005,42.530639863293295,42.02261103463553,42.08012373221942
600036.SH,20250522,43.9,44.56,43.75,44.51,43.9,1.3895,565655.62,2503244.591,6.0581,42.08012373221942,42.71276340564231,41.93634198825968,42.664836157655735
600036.SH,20250523,44.51,44.68,43.9,44.05,44.51,-1.0335,541460.09,2395482.582,6.0581,42.664836157655735,42.82778880081011,42.08012373221942,42.22390547617917
600036.SH,20250526,43.89,44.17,43.63,43.8,44.05,-0.5675,456099.75,2000068.964,6.0581,42.0705382826221,42.338930871346975,41.821316593091886,41.984269236246256
600036.SH,20250527,43.8,44.15,43.67,43.74,43.8,-0.137,363750.01,1594752.084,6.0581,41.984269236246256,42.31975997215233,41.85965839148115,41.92675653866236
600036.SH,20250528,43.78,44.05,43.6,43.68,43.74,-0.1372,300355.24,1313730.557,6.0581,41.96509833705163,42.22390547617917,41.79256024429993,41.86924384107846
600036.SH,20250529,43.7,43.95,43.45,43.47,43.68,-0.4808,492989.7,2152530.686,6.0581,41.8884147402731,42.128050980206005,41.648778500340185,41.66794939953481
600036.SH,20250530,43.55,43.88,43.35,43.43,43.47,-0.092,571391.44,2491890.458,6.0581,41.74463299631334,42.06095283302479,41.552924004367014,41.629607601145544
600036.SH,20250603,43.5,44.43,43.5,43.97,43.43,1.2434,503685.13,2216746.052,6.0581,41.69670574832676,42.5881525608772,41.69670574832676,42.14722187940063
600036.SH,20250604,44.05,44.27,43.9,44.06,43.97,0.2047,373416.67,1644649.609,6.0581,42.22390547617917,42.43478536732014,42.08012373221942,42.23349092577649
600036.SH,20250605,44.06,44.42,44.0,44.37,44.06,0.7036,421316.8,1865235.666,6.0581,42.23349092577649,42.57856711127988,42.17597822819259,42.530639863293295
600036.SH,20250606,44.45,44.71,44.3,44.47,44.37,0.2254,373498.95,1660462.752,6.0581,42.60732346007184,42.856545149602056,42.463541716112076,42.62649435926647
600036.SH,20250609,44.6,44.68,44.21,44.6,44.47,0.2923,474774.46,2111750.061,6.0581,42.75110520403158,42.82778880081011,42.377272669736236,42.75110520403158
600036.SH,20250610,44.57,45.05,44.45,44.67,44.6,0.157,528348.92,2364300.624,6.0581,42.72234885523962,43.18245043591082,42.60732346007184,42.818203351212794
600036.SH,20250611,44.72,45.68,44.72,45.31,44.67,1.4327,776761.08,3518360.401,6.0581,42.86613059919938,43.78633376054176,42.86613059919938,43.43167212544105
600036.SH,20250612,45.4,45.65,45.1,45.23,45.31,-0.1766,452390.7,2050510.492,6.0581,43.5179411718169,43.75757741174981,43.2303776838974,43.35498852866252
600036.SH,20250613,45.24,45.35,44.95,45.18,45.23,-0.1105,474080.56,2141145.231,6.0581,43.364573978259834,43.470013923830315,43.08659593993766,43.30706128067593
600036.SH,20250616,45.08,45.81,44.95,45.78,45.18,1.328,414474.35,1885267.746,6.0581,43.21120678470277,43.91094460530688,43.08659593993766,43.88218825651492
600036.SH,20250617,45.88,46.05,45.71,45.98,45.78,0.4369,474209.01,2177741.322,6.0581,43.97804275248809,44.14099539564246,43.81509010933371,44.07389724846125
600036.SH,20250618,45.92,46.07,45.65,45.85,45.98,-0.2827,426428.59,1957406.403,6.0581,44.01638455087736,44.160166294837104,43.75757741174981,43.94928640369615
600036.SH,20250619,45.84,46.06,45.37,45.63,45.85,-0.4798,513454.3,2342843.184,6.0581,43.939700954098825,44.150580845239794,43.48918482302494,43.73840651255518
600036.SH,20250620,45.73,46.18,45.55,45.99,45.63,0.789,448156.52,2059058.897,6.0581,43.834261008528344,44.265606240407585,43.66172291577664,44.08348269805857
600036.SH,20250623,45.9,46.34,45.43,46.25,45.99,0.5653,538931.48,2475802.504,6.0581,43.99721365168272,44.41897343396465,43.546697520608845,44.3327043875888
600036.SH,20250624,46.31,47.0,46.18,46.75,46.25,1.0811,655814.61,3058493.531,6.0581,44.3902170851727,45.05161310738753,44.265606240407585,44.811976867454625
600036.SH,20250625,46.75,47.5,46.59,47.5,46.75,1.6043,607679.87,2862914.073,6.0581,44.811976867454625,45.530885587253366,44.65860967389756,45.530885587253366
600036.SH,20250626,47.49,47.88,47.05,47.88,47.5,0.8,590200.64,2807185.76,6.0581,45.52130013765605,45.895132671951394,45.09954035537412,45.895132671951394
600036.SH,20250627,47.85,47.87,46.04,46.22,47.88,-3.467,954143.2,4461309.935,6.0581,45.86637632315944,45.88554722235407,44.13140994604515,44.303948038796854
600036.SH,20250630,46.13,46.29,45.77,45.95,46.22,-0.5842,624613.63,2870068.037,6.0581,44.21767899242101,44.37104618597807,43.87260280691761,44.045140899669306
600036.SH,20250701,45.96,46.67,45.92,46.45,45.95,1.0881,450613.09,2089060.872,6.0581,44.05472634926662,44.735293270676095,44.01638455087736,44.52441337953513
600036.SH,20250702,46.7,47.16,46.45,46.9,46.45,0.9688,518563.18,2429269.829,6.0581,44.76404961946805,45.2049803009446,44.52441337953513,44.955758611414375
600036.SH,20250703,46.9,46.95,46.34,46.61,46.9,-0.6183,556225.76,2595710.465,6.0581,44.955758611414375,45.00368585940096,44.41897343396465,44.6777805730922
600036.SH,20250704,46.6,47.5,46.4,47.07,46.61,0.9869,678948.32,3190053.518,6.0581,44.66819512349488,45.530885587253366,44.47648613154854,45.11871125456876
600036.SH,20250707,47.07,47.3,46.7,47.2,47.07,0.2762,567427.42,2672021.321,6.0581,45.11871125456876,45.33917659530703,44.76404961946805,45.243322099333874
600036.SH,20250708,47.28,47.67,47.1,47.62,47.2,0.8898,637421.01,3025850.416,6.0581,45.3200056961124,45.69383823040774,45.1474676033607,45.645910982421164
600036.SH,20250709,47.5,47.77,47.13,47.13,47.62,-1.029,614566.35,2912999.773,6.0581,45.530885587253366,45.78969272638091,45.17622395215266,45.17622395215266
600036.SH,20250710,47.1,48.55,47.1,48.24,47.13,2.3552,1219784.04,5860161.557,6.0581,45.1474676033607,46.53735779497159,45.1474676033607,46.24020885745479
600036.SH,20250711,46.28,46.5,45.62,45.64,46.24,-1.2976,1184442.84,5446393.735,6.3201,46.28,46.5,45.61999999999999,45.64
600036.SH,20250714,45.65,46.09,45.44,45.57,45.64,-0.1534,648484.37,2969040.141,6.3201,45.65,46.089999999999996,45.44,45.57
600036.SH,20250715,45.77,45.92,44.8,45.22,45.57,-0.768,666206.26,3018332.344,6.3201,45.77,45.92,44.8,45.22
600036.SH,20250716,45.26,45.54,44.88,45.11,45.22,-0.2433,468186.39,2112241.748,6.3201,45.26,45.540000000000006,44.88,45.11
600036.SH,20250717,45.1,45.33,44.91,45.0,45.11,-0.2438,416895.06,1877218.807,6.3201,45.1,45.330000000000005,44.91,45.0
600036.SH,20250718,45.05,45.16,44.74,45.05,45.0,0.1111,543430.57,2445283.609,6.3201,45.05,45.16,44.74,45.05
600036.SH,20250721,45.05,45.23,44.83,44.85,45.05,-0.444,566412.01,2546034.189,6.3201,45.05,45.23,44.83,44.849999999999994
600036.SH,20250722,44.85,44.98,44.21,44.94,44.85,0.2007,922319.06,4111116.85,6.3201,44.849999999999994,44.98,44.21,44.94
600036.SH,20250723,44.97,45.7,44.96,45.12,44.94,0.4005,853249.05,3864679.805,6.3201,44.97,45.7,44.96,45.12
600036.SH,20250724,45.21,45.36,44.8,44.88,45.12,-0.5319,826620.13,3724435.789,6.3201,45.21,45.36,44.8,44.88
600036.SH,20250725,44.84,45.17,44.75,44.83,44.88,-0.1114,696264.23,3129427.563,6.3201,44.84000000000001,45.17,44.75,44.83
600036.SH,20250728,44.8,45.16,44.41,44.44,44.83,-0.87,635127.2,2838575.467,6.3201,44.8,45.16,44.41,44.43999999999999
600036.SH,20250729,44.44,44.8,44.14,44.14,44.44,-0.6751,785812.82,3487013.44,6.3201,44.43999999999999,44.8,44.14,44.14
600036.SH,20250730,44.17,44.75,43.93,44.42,44.14,0.6343,725460.85,3222441.776,6.3201,44.17,44.75,43.93,44.42
600036.SH,20250731,44.4,44.56,43.85,44.48,44.42,0.1351,733195.17,3247588.211,6.3201,44.4,44.56000000000001,43.85,44.48
