trade_date,universe_count,advance_count,decline_count,flat_count,adv_ratio_1d,adv_ratio_5d,ma20_eligible,above_ma20_count,above_ma20_ratio,ma60_eligible,above_ma60_count,above_ma60_ratio,ret20_eligible,positive_ret20_count,positive_ret20_ratio
20230103,5062,4273,705,84,0.84413275,0.84413275,0,0,0.0,0,0,0.0,0,0,0.0
20230104,5064,2895,1938,231,0.57168246,0.70790761,0,0,0.0,0,0,0.0,0,0,0.0
20230105,5064,3015,1786,263,0.59537915,0.67039812,0,0,0.0,0,0,0.0,0,0,0.0
20230106,5064,1875,2995,194,0.37026066,0.59536376,0,0,0.0,0,0,0.0,0,0,0.0
20230109,5061,2969,1787,305,0.58664296,0.5936196,0,0,0.0,0,0,0.0,0,0,0.0
20230110,5065,1787,3133,145,0.35281343,0.49535573,0,0,0.0,0,0,0.0,0,0,0.0
20230111,5066,1038,3891,137,0.20489538,0.42199831,0,0,0.0,0,0,0.0,0,0,0.0
20230112,5062,2259,2538,265,0.4462663,0.39217574,0,0,0.0,0,0,0.0,0,0,0.0
20230113,5063,2912,1938,213,0.57515307,0.43315423,0,0,0.0,0,0,0.0,0,0,0.0
20230116,5064,3882,1035,147,0.76658768,0.46914317,0,0,0.0,0,0,0.0,0,0,0.0
20230117,5062,1963,2875,224,0.38779139,0.47613876,0,0,0.0,0,0,0.0,0,0,0.0
20230118,5064,3069,1735,260,0.60604265,0.55636822,0,0,0.0,0,0,0.0,0,0,0.0
20230119,5065,3406,1433,226,0.67245805,0.60160657,0,0,0.0,0,0,0.0,0,0,0.0
20230120,5066,3816,1132,118,0.75325701,0.63722735,0,0,0.0,0,0,0.0,0,0,0.0
20230130,5066,3824,1114,128,0.75483616,0.63487705,0,0,0.0,0,0,0.0,0,0,0.0
20230131,5065,2980,1906,179,0.58835143,0.67498906,0,0,0.0,0,0,0.0,0,0,0.0
20230201,5067,4361,610,96,0.86066706,0.72591394,0,0,0.0,0,0,0.0,0,0,0.0
20230202,5071,2316,2571,184,0.45671465,0.68276526,0,0,0.0,0,0,0.0,0,0,0.0
20230203,5068,1902,2997,169,0.37529597,0.60717306,0,0,0.0,0,0,0.0,0,0,0.0
20230206,5070,1838,3013,219,0.36252465,0.52871075,5037,4254,0.84455033,0,0,0.0,0,0,0.0
20230207,5072,3380,1504,188,0.66640379,0.54432123,5044,4276,0.84773989,0,0,0.0,5037,4301,0.85388128
20230208,5072,1384,3539,149,0.27287066,0.42676195,5041,4083,0.80995834,0,0,0.0,5041,4143,0.82186074
20230209,5076,4215,719,142,0.83037825,0.50149467,5043,4333,0.85921079,0,0,0.0,5041,4259,0.84487205
20230210,5077,2192,2643,242,0.43175103,0.51278568,5043,4242,0.84116597,0,0,0.0,5043,4337,0.86000397
20230213,5078,3510,1346,222,0.69121701,0.57852415,5052,4453,0.8814331,0,0,0.0,5043,4426,0.87765219
20230214,5078,2255,2587,236,0.44407247,0.53405789,5052,4405,0.87193191,0,0,0.0,5051,4459,0.88279549
20230215,5079,2168,2750,161,0.42685568,0.56485489,5052,4189,0.82917656,0,0,0.0,5052,4467,0.88420428
20230216,5084,508,4532,44,0.09992132,0.4187635,5053,3008,0.59528993,0,0,0.0,5053,4239,0.83890758
20230217,5086,1894,2968,224,0.37239481,0.40689226,5053,2611,0.51672274,0,0,0.0,5053,4067,0.8048684
20230220,5089,3999,977,113,0.78581254,0.42581136,5064,3259,0.6435624,0,0,0.0,5054,4098,0.8108429
20230221,5090,2940,1927,223,0.57760314,0.4525175,5065,3330,0.65745311,0,0,0.0,5063,4177,0.82500494
20230222,5092,2256,2591,245,0.44304792,0.45575595,5068,3172,0.62588792,0,0,0.0,5065,4144,0.81816387
20230223,5092,1845,3018,229,0.36233307,0.5082383,5067,2867,0.56581804,0,0,0.0,5067,4031,0.79553977
20230224,5091,1767,3093,231,0.34708309,0.50317595,5068,2534,0.5,0,0,0.0,5066,3764,0.7429925
20230227,5091,1057,3916,118,0.20762129,0.3875377,5068,1807,0.35655091,0,0,0.0,5067,3152,0.62206434
20230228,5093,3824,1133,136,0.75083448,0.42218397,5070,2351,0.46370809,0,0,0.0,5069,3250,0.6411521
20230301,5095,3479,1392,224,0.6828263,0.47013965,5070,2931,0.57810651,0,0,0.0,5069,3048,0.60130203
20230302,5097,1711,3183,203,0.33568766,0.46481056,5072,2700,0.53233438,0,0,0.0,5072,2877,0.56723186
20230303,5098,2225,2649,224,0.43644566,0.48268308,5072,2607,0.51399842,0,0,0.0,5071,2942,0.5801617
20230306,5099,2317,2588,194,0.45440282,0.53203939,5072,2512,0.49526814,0,0,0.0,5072,3003,0.59207413
20230307,5100,445,4604,51,0.0872549,0.39932347,5074,1411,0.27808435,0,0,0.0,5072,1982,0.39077287
20230308,5101,3569,1342,190,0.69966673,0.40269156,5076,1705,0.33589441,0,0,0.0,5073,2461,0.48511729
20230309,5102,2357,2547,198,0.4619757,0.42794916,5076,1907,0.37568952,0,0,0.0,5075,2164,0.42640394
20230310,5104,746,4294,64,0.14615987,0.36989201,5076,1392,0.27423168,0,0,0.0,5076,1686,0.3321513
20230313,5109,2342,2584,183,0.45840673,0.37069279,5080,1503,0.29586614,0,0,0.0,5079,1505,0.29631817
20230314,5111,963,4076,72,0.18841714,0.39092524,5081,1216,0.23932297,0,0,0.0,5081,1274,0.25073804
20230315,5114,3570,1417,127,0.69808369,0.39060863,5085,1538,0.30245821,0,0,0.0,5081,1371,0.26982877
20230316,5114,687,4355,72,0.13433711,0.32508091,5086,1105,0.21726308,0,0,0.0,5084,1532,0.30133753
20230317,5115,3220,1697,198,0.62952102,0.42175314,5086,1388,0.27290602,0,0,0.0,5085,1818,0.35752212
20230320,5115,1893,3113,109,0.37008798,0.40408939,5086,1294,0.25442391,0,0,0.0,5084,1503,0.29563336
20230321,5118,4173,815,130,0.81535756,0.52947747,5089,1733,0.34053842,0,0,0.0,5087,1691,0.33241596
20230322,5117,3121,1777,219,0.60992769,0.51184627,5089,2070,0.40675968,0,0,0.0,5088,1836,0.36084906
20230323,5120,2040,2851,229,0.3984375,0.56466635,5091,2115,0.41543901,0,0,0.0,5091,1852,0.36377922
20230324,5121,2385,2536,200,0.46572935,0.53190802,5093,2183,0.42862753,0,0,0.0,5092,1954,0.3837392
20230327,5123,1986,2999,138,0.38766348,0.53542312,5094,2135,0.41912053,0,0,0.0,5093,2081,0.40860004
20230328,5124,1399,3591,134,0.27302888,0.42695738,5098,1929,0.37838368,0,0,0.0,5094,1722,0.33804476
20230329,5127,1582,3410,135,0.30856251,0.36668434,5098,1791,0.35131424,0,0,0.0,5098,1453,0.28501373
20230330,5127,1933,3037,157,0.3770236,0.36240156,5099,1677,0.32888802,0,0,0.0,5097,1413,0.2772219
20230331,5127,3512,1419,196,0.68500098,0.40625589,5099,2074,0.40674642,0,0,0.0,5098,1592,0.31227933
20230403,5129,3355,1591,183,0.65412361,0.45954792,5100,2443,0.47901961,5011,2347,0.46836959,5099,1702,0.33379094
20230404,5134,1370,3628,136,0.26684846,0.45831183,5103,2076,0.40681952,5023,2125,0.42305395,5101,1994,0.39090374
20230406,5134,2040,2967,127,0.39735099,0.47606953,5104,1994,0.39067398,5025,2066,0.41114428,5102,1790,0.35084281
20230407,5133,3477,1459,197,0.67738165,0.53614114,5104,2422,0.47452978,5026,2242,0.44608038,5102,1945,0.38122305
20230410,5143,1296,3743,104,0.251993,0.44953954,5106,2030,0.39757148,5028,2042,0.4061257,5104,2036,0.39890282
20230411,5144,2348,2600,196,0.45645412,0.41000564,5108,2053,0.40191856,5043,2035,0.40352965,5107,1990,0.38966125
20230412,5143,3163,1805,175,0.61501069,0.47963809,5110,2327,0.4553816,5044,2123,0.42089611,5107,2427,0.47523008
20230413,5145,1872,3090,183,0.3638484,0.47293757,5112,2165,0.4235133,5047,2058,0.40776699,5111,2102,0.41126981
20230414,5143,2737,2183,223,0.53217966,0.44389717,5112,2292,0.44835681,5046,2080,0.41220769,5110,2604,0.50958904
20230417,5145,2761,2196,188,0.53663751,0.50082608,5114,2347,0.45893625,5046,2135,0.42310741,5112,2562,0.50117371
20230418,5152,1498,3510,144,0.29076087,0.46768743,5118,2078,0.40601798,5060,1986,0.39249012,5116,2548,0.49804535
20230419,5152,1604,3378,170,0.3113354,0.40695237,5116,1870,0.36551994,5060,1877,0.37094862,5116,2017,0.39425332
20230420,5155,1615,3426,114,0.31328807,0.3968403,5119,1717,0.33541707,5065,1773,0.35004936,5118,1779,0.34759672
20230421,5154,582,4524,48,0.112922,0.31298877,5117,1141,0.22298222,5063,1330,0.2626901,5117,1320,0.25796365
20230424,5155,2047,2941,167,0.3970902,0.28507931,5116,1058,0.20680219,5063,1257,0.24827178,5115,1265,0.24731183
20230425,5156,851,4231,74,0.16505043,0.25993722,5116,858,0.16770915,5063,1047,0.20679439,5115,1100,0.21505376
20230426,5148,3503,1556,89,0.68045843,0.33376183,5111,1013,0.19819996,5056,1084,0.21439873,5108,1248,0.24432263
20230427,5144,2611,2340,193,0.50758165,0.37262054,5108,1145,0.22415818,5053,1138,0.22521274,5107,1392,0.27256706
20230428,5131,3997,1060,74,0.77899045,0.50583423,5095,1634,0.32070658,5039,1377,0.27326851,5094,1662,0.3262662
20230504,5095,2997,1990,108,0.58822375,0.54406094,5061,2045,0.40407034,5004,1504,0.30055955,5059,1675,0.3310931
20230505,5135,1556,3455,124,0.3030185,0.57165456,5103,1912,0.37468156,5042,1476,0.29274098,5099,1549,0.30378506
20230508,5136,3001,1935,200,0.58430685,0.55242424,5104,2097,0.41085423,5044,1600,0.31720856,5103,1826,0.35782873
20230509,5134,838,4199,97,0.16322556,0.48355302,5102,1777,0.34829479,5043,1394,0.27642276,5101,1633,0.32013331
20230510,5136,2945,2003,188,0.57340343,0.44243562,5112,1913,0.37421753,5044,1446,0.28667724,5102,1540,0.30184241
20230511,5139,3198,1782,159,0.62230006,0.44925088,5114,2159,0.42217442,5046,1548,0.30677765,5114,1844,0.3605788
20230512,5142,1209,3791,142,0.23512252,0.43567168,5115,1931,0.37751711,5049,1481,0.29332541,5115,1733,0.33880743
20230515,5143,3502,1452,189,0.68092553,0.45499542,5116,2202,0.43041439,5049,1574,0.3117449,5115,1787,0.34936461
20230516,5148,1460,3568,120,0.28360528,0.47907136,5119,2040,0.39851534,5056,1497,0.29608386,5119,1712,0.33444032
20230517,5151,3572,1423,156,0.69345758,0.50308219,5123,2444,0.47706422,5060,1655,0.3270751,5121,1805,0.35247022
20230518,5154,2531,2396,227,0.49107489,0.47683716,5128,2660,0.51872075,5061,1766,0.3489429,5123,1789,0.34920945
20230519,5157,2510,2480,167,0.48671708,0.52715607,5130,2818,0.54931774,5063,1774,0.35038515,5128,1909,0.37226989
20230522,5158,2938,2035,185,0.56960062,0.50489109,5130,3088,0.60194932,5064,1868,0.36887836,5129,2159,0.42093975
20230523,5160,1242,3801,117,0.24069767,0.49630957,5131,2829,0.55135451,5065,1707,0.33701876,5130,2154,0.41988304
20230524,5162,2043,2911,208,0.39577683,0.43677342,5135,2720,0.52969815,5066,1674,0.33043822,5132,2626,0.51169135
20230525,5163,2068,2882,213,0.40054232,0.41866691,5136,2624,0.51090343,5066,1702,0.33596526,5134,2717,0.52921698
20230526,5163,2909,2060,194,0.56343211,0.43400991,5134,2753,0.53622906,5065,1828,0.36090819,5134,3281,0.63907285
20230529,5159,1664,3375,120,0.32254313,0.38459841,5130,2468,0.48109162,5064,1769,0.34932859,5130,2984,0.58167641
20230530,5161,2864,2092,205,0.55493121,0.44744512,5131,2518,0.49074255,5065,1860,0.36722606,5131,3047,0.59384136
20230531,5164,1874,3124,166,0.36289698,0.44086915,5133,2341,0.45606858,5069,1848,0.36456895,5133,2499,0.4868498
20230601,5166,2632,2329,205,0.50948509,0.46265771,5134,2415,0.47039346,5069,1885,0.37186822,5132,2377,0.46317225
20230602,5168,3401,1599,168,0.65808824,0.48158893,5135,2845,0.5540409,5070,2059,0.4061144,5134,2794,0.54421504
20230605,5168,2665,2281,222,0.51567337,0.52021498,5135,3007,0.58558909,5071,2180,0.42989548,5134,2695,0.52493183
20230606,5169,581,4528,60,0.11240085,0.43170891,5136,1802,0.3508567,5072,1673,0.32985016,5134,2524,0.49162446
20230607,5169,2763,2221,185,0.53453279,0.46603607,5137,1985,0.3864123,5074,1787,0.35218762,5136,2395,0.4663162
20230608,5171,1780,3229,162,0.34422742,0.43298453,5139,1850,0.35999222,5076,1719,0.33865248,5137,2073,0.40354292
20230609,5175,2743,2237,195,0.53004831,0.40737655,5141,1946,0.37852558,5078,1833,0.36096889,5140,2415,0.46984436
20230612,5177,2973,2033,171,0.57427081,0.41909604,5144,2311,0.44926128,5082,1985,0.39059425,5142,2364,0.45974329
20230613,5177,2672,2262,243,0.51612903,0.49984167,5145,2453,0.47677357,5083,2139,0.42081448,5144,2634,0.51205288
20230614,5175,2169,2792,214,0.41913043,0.4767612,5145,2441,0.47444121,5082,2143,0.42168438,5142,2393,0.46538312
20230615,5178,2729,2242,207,0.52703747,0.51332321,5150,2653,0.51514563,5086,2207,0.4339363,5147,2448,0.47561686
20230616,5176,3095,1831,250,0.59795209,0.52690397,5149,2996,0.58186056,5085,2353,0.46273353,5147,2548,0.49504566
20230619,5182,1977,3087,118,0.38151293,0.48835239,5155,2723,0.52822502,5089,2287,0.44940067,5153,2283,0.44304289
20230620,5184,1529,3546,109,0.29494599,0.44411578,5157,2461,0.47721544,5090,2165,0.42534381,5155,2382,0.46207565
20230621,5189,946,4138,105,0.18230873,0.39675144,5160,1874,0.36317829,5091,1859,0.36515419,5158,2130,0.41295076
20230626,5189,925,4195,69,0.17826171,0.32699629,5162,1348,0.26113909,5092,1477,0.29006284,5160,1732,0.33565891
20230627,5192,4319,806,67,0.8318567,0.37377721,5160,1998,0.3872093,5091,1863,0.36593989,5160,2126,0.4120155
20230628,5198,2175,2813,210,0.41843017,0.38116066,5164,2069,0.4006584,5097,1875,0.36786345,5163,2224,0.43075731
20230629,5200,3350,1667,183,0.64423077,0.45101761,5165,2499,0.48383349,5098,2159,0.42349941,5164,2407,0.46611154
20230630,5205,3939,1114,152,0.75677233,0.56591034,5169,3114,0.60243761,5100,2474,0.48509804,5166,2925,0.56620209
20230703,5206,3170,1872,164,0.60891279,0.65204055,5170,3504,0.67775629,5101,2643,0.5181337,5168,3077,0.59539474
20230704,5207,3012,1938,257,0.57845208,0.60135963,5171,3627,0.70141172,5105,2793,0.54711068,5170,2915,0.56382979
20230705,5208,1410,3581,217,0.27073733,0.57182106,5173,3436,0.66421806,5106,2681,0.52506855,5171,2680,0.518275
20230706,5206,2040,2901,265,0.39185555,0.52134602,5171,3262,0.63082576,5105,2658,0.52066601,5171,3256,0.62966544
20230707,5209,1821,3154,234,0.34958725,0.439909,5174,3095,0.59818322,5116,2577,0.50371384,5172,3096,0.59860789
20230710,5210,2521,2423,266,0.48387716,0.41490187,5175,3150,0.60869565,5114,2645,0.51720767,5172,3180,0.61484919
20230711,5209,3574,1407,228,0.68612018,0.43643549,5175,3472,0.67091787,5113,2835,0.554469,5174,3332,0.64398918
20230712,5212,900,4217,95,0.17267843,0.41682371,5173,2847,0.55035763,5112,2567,0.5021518,5173,2925,0.56543592
20230713,5211,3926,1123,162,0.75340626,0.48913386,5172,3307,0.63940449,5110,2860,0.55968689,5171,3190,0.61690195
20230714,5212,2146,2828,238,0.41174213,0.50156483,5173,3147,0.60835105,5112,2859,0.5592723,5172,3121,0.60344161
20230717,5215,2076,2908,231,0.39808245,0.48440589,5174,2923,0.56494009,5117,2814,0.5499316,5173,2947,0.56968877
20230718,5215,2547,2440,228,0.48839885,0.44486163,5175,2989,0.57758454,5118,2882,0.56311059,5173,2816,0.54436497
20230719,5220,2166,2828,226,0.41494253,0.49331444,5178,2858,0.55195056,5120,2898,0.56601563,5176,2898,0.55989181
20230720,5223,1017,4050,156,0.19471568,0.38157633,5182,2353,0.45407179,5121,2599,0.50751806,5178,2760,0.53302433
20230721,5223,2164,2814,245,0.41432127,0.38209216,5181,2252,0.43466512,5123,2547,0.49716963,5181,2985,0.5761436
20230724,5224,2457,2550,217,0.47032925,0.39654152,5185,2114,0.40771456,5124,2515,0.49082748,5180,3293,0.63571429
20230725,5227,4415,716,96,0.84465276,0.4677923,5189,2869,0.55290037,5125,3057,0.5964878,5186,3328,0.64172773
20230726,5231,2127,2945,159,0.40661441,0.46612668,5192,2584,0.49768875,5126,2905,0.56671869,5190,3226,0.62157996
20230727,5231,1321,3700,210,0.25253298,0.47769014,5195,2289,0.44061598,5125,2740,0.53463415,5191,2837,0.54652283
20230728,5233,3644,1438,151,0.69635009,0.5340959,5198,2568,0.49403617,5126,2909,0.56749902,5196,2726,0.52463433
20230731,5233,3658,1451,124,0.69902542,0.57983513,5199,2860,0.55010579,5128,3074,0.59945398,5198,2773,0.53347441
20230801,5234,1946,3070,218,0.37179977,0.48526453,5199,2787,0.53606463,5128,3002,0.58541342,5198,2565,0.49345902
20230802,5233,2073,2922,238,0.39613988,0.48316963,5198,2692,0.5178915,5128,2923,0.5700078,5198,2581,0.49653713
20230803,5236,2086,2929,221,0.39839572,0.51234218,5201,2580,0.49605845,5131,2870,0.55934516,5199,2598,0.49971148
20230804,5237,2301,2727,209,0.43937369,0.4609469,5204,2562,0.4923136,5132,2893,0.56371785,5201,2648,0.50913286
20230807,5238,1488,3594,156,0.28407789,0.37795739,5204,2239,0.43024596,5134,2640,0.51421893,5204,2401,0.46137586
20230808,5240,2017,3005,218,0.38492366,0.38058217,5209,2159,0.41447495,5135,2550,0.49659202,5204,2226,0.42774789
20230809,5243,1196,3896,151,0.22811368,0.34697693,5211,1723,0.33064671,5138,2299,0.44745037,5210,2321,0.44548944
20230810,5247,3042,1947,258,0.57975986,0.38324976,5213,1898,0.36408978,5140,2442,0.47509728,5212,2137,0.41001535
20230811,5248,569,4624,55,0.10842226,0.31705947,5216,1100,0.21088957,5143,1857,0.3610733,5213,1684,0.32303856
20230814,5247,2949,2089,209,0.56203545,0.37265098,5216,1177,0.22565184,5145,1902,0.3696793,5215,1784,0.34209012
20230815,5249,1477,3593,179,0.28138693,0.35194363,5220,1067,0.20440613,5147,1818,0.35321547,5216,1628,0.31211656
20230816,5252,1086,4002,164,0.20677837,0.34767657,5223,914,0.17499521,5149,1633,0.31714896,5220,1453,0.27835249
20230817,5254,3990,1102,162,0.75942139,0.38360888,5223,1224,0.23434808,5150,1912,0.37126214,5222,1905,0.36480276
20230818,5257,1065,4092,100,0.20258703,0.40244183,5225,907,0.17358852,5152,1646,0.31948758,5223,1597,0.30576297
20230821,5257,1387,3696,174,0.26383869,0.34280248,5226,803,0.1536548,5153,1503,0.29167475,5224,1433,0.27431087
20230822,5258,2568,2502,188,0.48839863,0.38420482,5229,800,0.15299292,5153,1433,0.27809043,5226,1015,0.1942212
20230823,5262,605,4581,76,0.11497529,0.36584421,5231,635,0.1213917,5155,1160,0.22502425,5230,816,0.15602294
20230824,5262,2282,2794,186,0.43367541,0.30069501,5232,626,0.11964832,5156,1066,0.20674942,5231,870,0.16631619
20230825,5263,889,4250,124,0.16891507,0.29396062,5232,478,0.09136086,5159,895,0.17348323,5232,567,0.10837156
20230828,5264,3627,1510,127,0.68901976,0.37899683,5234,704,0.13450516,5161,1158,0.22437512,5232,537,0.10263761
20230829,5263,4751,453,59,0.90271708,0.46186052,5233,1902,0.36346264,5161,1733,0.33578764,5233,1092,0.20867571
20230830,5265,3165,1972,128,0.6011396,0.55909338,5236,2388,0.45607334,5164,1873,0.36270333,5234,1325,0.25315246
20230831,5265,1796,3295,174,0.34112061,0.54058242,5237,2248,0.42925339,5164,1719,0.33288149,5236,1375,0.26260504
20230901,5266,2738,2363,165,0.51993923,0.61078726,5237,2417,0.46152377,5165,1812,0.35082285,5236,1384,0.26432391
20230904,5265,4192,992,81,0.79620133,0.63222357,5238,3353,0.64012982,5167,2284,0.442036,5236,1926,0.36783804
20230905,5268,1592,3515,161,0.30220197,0.51212055,5242,3131,0.59729111,5170,2082,0.40270793,5240,1832,0.34961832
20230906,5269,2814,2265,190,0.53406719,0.49870607,5245,3275,0.62440419,5170,2215,0.42843327,5242,2234,0.42617322
20230907,5270,478,4730,62,0.09070209,0.44862236,5246,2507,0.47788791,5171,1712,0.33107716,5245,1603,0.3056244
20230908,5271,2708,2275,288,0.51375451,0.44738542,5246,2536,0.48341594,5172,1758,0.33990719,5246,2180,0.41555471
20230911,5272,3757,1339,176,0.71263278,0.43067171,5247,3172,0.60453593,5172,2049,0.39617169,5245,2342,0.4465205
20230912,5273,2045,2925,303,0.38782477,0.44779626,5251,3205,0.61035993,5175,2001,0.38666667,5248,2507,0.47770579
20230913,5273,867,4238,168,0.16442253,0.37386733,5254,2463,0.46878569,5177,1645,0.31775159,5251,2414,0.45972196
20230914,5274,1243,3865,166,0.23568449,0.40286381,5257,2013,0.38291801,5181,1453,0.28044779,5254,1756,0.33422155
20230915,5275,2652,2373,250,0.50274882,0.40066268,5257,2159,0.41069051,5180,1506,0.29073359,5256,2211,0.4206621
20230918,5276,3397,1672,207,0.64385898,0.38690792,5258,2705,0.51445417,5185,1755,0.33847637,5257,2736,0.52044893
20230919,5276,1094,4000,182,0.20735406,0.35081378,5261,1979,0.37616423,5188,1504,0.28989977,5258,2405,0.45739825
20230920,5278,1104,3973,201,0.20917014,0.3597633,5261,1594,0.30298422,5190,1352,0.26050096,5261,2720,0.51701197
20230921,5279,1058,4021,200,0.20041675,0.35270975,5262,1114,0.21170658,5194,1147,0.22083173,5261,2485,0.47234366
20230922,5280,4617,579,84,0.87443182,0.42704635,5264,1917,0.36417173,5197,1539,0.29613238,5263,3699,0.70283108
20230925,5281,1641,3497,143,0.3107366,0.36042187,5263,1561,0.2965989,5197,1487,0.28612661,5263,3214,0.61067832
20230926,5282,1516,3539,227,0.2870125,0.37635356,5264,1353,0.25702888,5198,1345,0.25875337,5263,1933,0.36728102
20230927,5282,2935,2064,283,0.55566073,0.44565168,5264,1582,0.30053191,5198,1455,0.27991535,5264,1773,0.33681611
20230928,5282,3783,1310,189,0.71620598,0.54880953,5263,2292,0.43549306,5197,1768,0.34019627,5261,2368,0.45010454
20231009,5282,1697,3457,128,0.32127982,0.43817913,5263,1968,0.37393122,5200,1616,0.31076923,5263,1949,0.37032111
20231010,5285,1870,3176,239,0.3538316,0.44679813,5266,1834,0.34827193,5202,1578,0.30334487,5265,1446,0.27464387
20231011,5284,2517,2550,217,0.47634368,0.48466436,5265,2079,0.39487179,5205,1663,0.31950048,5264,1624,0.30851064
20231012,5285,3319,1783,183,0.62800378,0.49913297,5267,2441,0.46345168,5207,1805,0.34664874,5266,1563,0.29680972
20231013,5286,1297,3850,139,0.24536512,0.4049648,5268,2018,0.38306758,5208,1692,0.32488479,5267,1862,0.35352193
20231016,5286,1524,3566,196,0.28830874,0.39837058,5270,1734,0.32903226,5211,1578,0.30282096,5268,1653,0.31378132
20231017,5288,2194,2829,265,0.41490166,0.4105846,5270,1702,0.32296015,5212,1562,0.29969302,5270,1410,0.26755218
20231018,5287,512,4733,42,0.09684131,0.33468412,5269,1093,0.20743974,5215,1212,0.23240652,5269,1056,0.20041754
20231019,5290,1171,3936,183,0.22136106,0.25335558,5272,878,0.16654021,5220,1054,0.20191571,5271,1115,0.21153481
20231020,5291,1351,3695,245,0.25533926,0.25535041,5275,649,0.12303318,5222,859,0.16449636,5273,1011,0.19173146
20231023,5292,474,4788,30,0.08956916,0.21560249,5276,465,0.08813495,5224,678,0.1297856,5275,705,0.13364929
20231024,5291,4671,563,57,0.88281988,0.30918613,5274,789,0.14960182,5224,953,0.18242726,5274,875,0.16590823
20231025,5293,4017,1158,118,0.75892688,0.44160325,5278,1355,0.25672603,5229,1191,0.22776822,5276,1339,0.25379075
20231026,5293,2866,2208,219,0.54146987,0.50562501,5279,1540,0.29172192,5230,1309,0.25028681,5278,1564,0.29632437
20231027,5293,4048,1131,114,0.76478368,0.60751389,5279,2449,0.46391362,5231,1661,0.31753011,5279,2206,0.41788217
20231030,5294,3674,1461,159,0.6939932,0.7283987,5280,3129,0.59261364,5230,2009,0.38413002,5278,2042,0.38688897
20231031,5297,2021,3065,211,0.38153672,0.62814207,5283,2972,0.56255915,5234,1996,0.38135269,5282,2182,0.4131011
20231101,5300,2779,2289,232,0.52433962,0.58122462,5284,3107,0.58800151,5235,2132,0.40725883,5284,2463,0.46612415
20231102,5300,912,4228,160,0.17207547,0.50734574,5286,2671,0.50529701,5236,1929,0.368411,5283,2058,0.38955139
20231103,5302,3889,1200,213,0.73349679,0.50108836,5287,3372,0.63779081,5238,2225,0.42478045,5287,2059,0.38944581
20231106,5296,4656,547,93,0.87915408,0.53812054,5282,4276,0.80954184,5233,2690,0.51404548,5281,2931,0.55500852
20231107,5299,2858,2116,325,0.53934705,0.5696826,5285,4363,0.82554399,5237,2841,0.54248616,5284,3138,0.59386828
20231108,5302,2378,2733,191,0.44851,0.55451668,5287,4369,0.82636656,5241,2930,0.55905362,5287,3196,0.60450161
20231109,5301,1498,3586,217,0.28258819,0.57661922,5286,4263,0.80646992,5242,2864,0.54635635,5285,2814,0.53245033
20231110,5302,2151,2880,271,0.40569596,0.51105906,5286,4185,0.79171396,5243,2854,0.54434484,5286,3044,0.57586076
20231113,5304,3900,1243,161,0.73529412,0.48228706,5289,4478,0.84666289,5244,3192,0.60869565,5287,3665,0.69320976
20231114,5304,2992,2021,291,0.56410256,0.48723817,5289,4580,0.86594819,5246,3320,0.63286313,5289,3851,0.72811496
20231115,5303,3342,1712,249,0.63020932,0.52357803,5289,4790,0.90565324,5248,3522,0.6711128,5288,4407,0.83339637
20231116,5304,952,4181,171,0.17948718,0.50295783,5287,4448,0.84130887,5249,3271,0.62316632,5287,4473,0.84603745
20231117,5305,3713,1350,242,0.69990575,0.56179979,5288,4522,0.85514372,5252,3510,0.66831683,5287,4617,0.87327407
20231120,5307,3923,1189,195,0.73921236,0.56258343,5291,4600,0.86940087,5255,3783,0.71988582,5290,4914,0.9289225
20231121,5309,1736,3365,208,0.3269919,0.5151613,5293,4446,0.83997733,5258,3718,0.70711297,5293,4778,0.90270168
20231122,5308,1170,4000,138,0.220422,0.43320384,5292,3553,0.67139078,5260,3431,0.65228137,5292,4431,0.83730159
20231123,5310,4172,1014,124,0.78568738,0.55444388,5293,4078,0.77045154,5261,3695,0.70233796,5293,4563,0.862082
20231124,5310,1146,4034,130,0.21581921,0.45762657,5295,3020,0.57034939,5262,3300,0.62713797,5293,3980,0.75193652
20231127,5312,2545,2574,193,0.47910392,0.40560488,5298,2917,0.55058513,5265,3284,0.62374169,5297,3711,0.70058524
20231128,5310,3717,1403,190,0.7,0.4802065,5297,3385,0.63904097,5262,3479,0.66115545,5295,4012,0.75769594
20231129,5312,1225,3945,142,0.23060994,0.48224409,5299,2816,0.53142102,5264,3309,0.62860942,5298,3808,0.7187618
20231130,5312,1557,3567,188,0.29310994,0.3837286,5299,2275,0.42932629,5263,3138,0.59623789,5298,3975,0.75028313
20231201,5315,2994,2127,194,0.56331138,0.45322704,5301,2512,0.47387285,5267,3296,0.62578318,5301,3744,0.70628183
20231204,5313,2326,2755,232,0.43779409,0.44496507,5300,2512,0.47396226,5265,3313,0.62924976,5299,3040,0.57369315
20231205,5315,651,4614,50,0.12248354,0.32946178,5301,1524,0.28749293,5266,2710,0.5146221,5300,2178,0.4109434
20231206,5316,3252,1832,232,0.61173815,0.40568742,5302,1788,0.33723123,5267,2833,0.53787735,5301,2363,0.44576495
20231207,5314,1942,3183,189,0.36544976,0.42015538,5301,1637,0.30880966,5266,2745,0.52126852,5300,2456,0.46339623
20231208,5317,1468,3750,99,0.27609554,0.36271221,5304,1235,0.23284314,5269,2322,0.44069083,5303,2002,0.37752216
20231211,5318,3947,1247,124,0.74219631,0.42359266,5305,1557,0.2934967,5272,2661,0.50474203,5305,2023,0.38133836
20231212,5319,3127,1976,216,0.58789246,0.51667444,5304,1814,0.34200603,5271,2788,0.52893189,5304,2015,0.37990196
20231213,5321,1589,3581,151,0.29862808,0.45405243,5308,1688,0.31801055,5272,2705,0.51308801,5305,1822,0.34344958
20231214,5323,2079,2998,246,0.39056923,0.45907632,5310,1700,0.32015066,5274,2664,0.50511945,5309,1976,0.37219815
20231215,5323,1629,3496,198,0.30603043,0.4650633,5309,1518,0.28592955,5275,2489,0.47184834,5309,1674,0.31531362
20231218,5323,864,4397,62,0.16231448,0.34908694,5308,1143,0.21533534,5275,2080,0.3943128,5308,1235,0.23266767
20231219,5321,2726,2383,212,0.51230972,0.33397039,5305,1160,0.21866164,5272,2113,0.40079666,5305,1297,0.24448633
20231220,5324,1210,3980,134,0.22727273,0.31969932,5308,994,0.18726451,5276,1890,0.35822593,5307,1276,0.24043716
20231221,5325,3545,1568,212,0.6657277,0.37473101,5307,1125,0.21198417,5276,2008,0.38059136,5307,1247,0.23497268
20231222,5325,1126,4087,112,0.2114554,0.35581601,5306,837,0.15774595,5275,1580,0.29952607,5306,1146,0.21598191
20231225,5325,2046,3126,153,0.38422535,0.40019818,5307,906,0.17071792,5277,1451,0.27496684,5306,973,0.18337731
20231226,5327,831,4401,95,0.15599775,0.32893579,5309,816,0.15370126,5279,1236,0.23413525,5308,823,0.15504898
20231227,5328,3762,1398,168,0.70608108,0.42469746,5310,948,0.17853107,5279,1366,0.25876113,5309,958,0.1804483
20231228,5326,4432,819,75,0.8321442,0.45798076,5307,1757,0.33107217,5278,1775,0.33630163,5306,1269,0.23916321
20231229,5329,4322,841,166,0.81103397,0.57789647,5309,2705,0.50951215,5280,2266,0.42916667,5309,1553,0.29252213
20240102,5329,2877,2307,145,0.53987615,0.60902663,5311,3061,0.57635097,5281,2459,0.46563151,5309,1695,0.31926917
20240103,5330,1970,3159,201,0.369606,0.65174828,5312,2893,0.54461596,5282,2388,0.45210148,5311,2206,0.41536434
20240104,5330,1876,3237,217,0.35196998,0.58092606,5312,2758,0.51920181,5282,2312,0.43771299,5312,1958,0.3685994
20240105,5332,506,4760,66,0.09489872,0.43347696,5314,2011,0.37843432,5284,1909,0.36127933,5313,1638,0.3083004
20240108,5332,388,4897,47,0.07276819,0.28582381,5314,1118,0.21038766,5284,1435,0.27157456,5314,1527,0.28735416
20240109,5332,3449,1680,203,0.64684921,0.30721842,5316,1428,0.26862302,5286,1634,0.30911843,5314,1518,0.28566052
20240110,5334,1312,3819,203,0.24596925,0.28249107,5318,1235,0.23223016,5287,1457,0.27558162,5317,1239,0.23302614
20240111,5336,4470,760,106,0.83770615,0.37963831,5318,1868,0.35125987,5287,1750,0.33100057,5317,1568,0.29490314
20240112,5333,1402,3753,178,0.26289143,0.41323685,5316,1722,0.32392777,5284,1613,0.30526117,5315,1384,0.26039511
20240115,5334,1991,3117,226,0.37326584,0.47333638,5318,1621,0.30481384,5286,1548,0.29284904,5317,1375,0.25860448
20240116,5336,1633,3520,183,0.30603448,0.40517343,5320,1471,0.27650376,5288,1481,0.28006808,5319,1620,0.30456853
20240117,5336,280,5036,20,0.05247376,0.36647433,5321,808,0.15185116,5288,1041,0.19686082,5320,1120,0.21052632
20240118,5339,1670,3540,129,0.31279266,0.26149164,5324,710,0.13335838,5289,921,0.174135,5322,1052,0.19767005
20240119,5339,1044,4177,118,0.19554224,0.2480218,5324,624,0.11720511,5288,836,0.1580938,5323,914,0.17170768
20240122,5339,147,5185,7,0.02753325,0.17887528,5324,275,0.05165289,5290,498,0.09413989,5324,542,0.10180316
20240123,5339,2978,2199,162,0.55778236,0.22922485,5325,333,0.06253521,5291,547,0.1033831,5324,541,0.10161533
20240124,5340,4017,1237,86,0.75224719,0.36917954,5325,527,0.09896714,5292,646,0.12207105,5324,776,0.14575507
20240125,5341,4886,427,28,0.91480996,0.489583,5328,1004,0.18843844,5294,855,0.16150359,5326,1090,0.2046564
20240126,5342,2146,3032,164,0.4017222,0.53081899,5329,1105,0.20735598,5295,875,0.16525024,5328,920,0.17267267
20240129,5343,486,4823,34,0.09096013,0.54350437,5330,774,0.14521576,5296,604,0.11404834,5330,620,0.1163227
20240130,5343,313,5008,22,0.05858132,0.44366416,5330,496,0.09305816,5296,453,0.08553625,5329,419,0.07862638
20240131,5344,490,4815,39,0.09169162,0.31155305,5331,341,0.06396548,5298,377,0.07115893,5331,297,0.05571187
20240201,5344,1105,4163,76,0.20677395,0.16994585,5332,296,0.05551388,5299,321,0.06057747,5331,258,0.04839617
20240202,5345,389,4927,29,0.0727783,0.10415706,5331,245,0.04595761,5299,276,0.0520853,5331,248,0.04652035
20240205,5344,427,4899,18,0.07990269,0.10194558,5330,227,0.04258912,5299,233,0.04397056,5330,242,0.04540338
20240206,5345,3830,1465,50,0.71655753,0.23354082,5332,503,0.09433608,5300,354,0.06679245,5331,376,0.07053086
20240207,5346,2211,3090,45,0.41358025,0.29791854,5335,830,0.15557638,5300,486,0.09169811,5332,582,0.10915229
20240208,5348,4804,508,36,0.89827973,0.4362197,5335,1142,0.21405811,5303,548,0.10333773,5335,603,0.11302718
20240219,5348,4258,1038,52,0.79618549,0.58090114,5335,1368,0.25641987,5304,585,0.11029412,5335,682,0.12783505
20240220,5348,3580,1569,199,0.66940912,0.69880242,5336,1535,0.28766867,5304,621,0.11708145,5335,766,0.14358013
20240221,5348,4106,1110,132,0.76776365,0.70904365,5336,1892,0.35457271,5304,661,0.12462293,5336,756,0.14167916
20240222,5348,4584,613,151,0.85714286,0.79775617,5338,2533,0.47452229,5304,738,0.13914027,5336,1033,0.1935907
20240223,5347,4400,825,122,0.82289134,0.78267849,5338,3599,0.67422256,5304,810,0.15271493,5337,1167,0.21866217
20240226,5346,3688,1513,145,0.68986158,0.76141371,5337,4424,0.82893011,5303,889,0.16764096,5337,1401,0.26250703
20240227,5347,5031,278,38,0.94090144,0.81571217,5338,5040,0.94417385,5304,1187,0.22379336,5338,2863,0.5363432
20240228,5347,270,5058,19,0.05049561,0.67225856,5339,3067,0.57445214,5304,796,0.15007541,5337,1737,0.32546374
20240229,5347,5226,103,18,0.97737049,0.69630409,5339,4494,0.84173066,5305,1194,0.22507069,5339,2179,0.40812886
20240301,5348,3523,1644,181,0.65875093,0.66347601,5340,4813,0.90131086,5306,1346,0.25367508,5339,1769,0.33133546
20240304,5348,2083,3171,94,0.3894914,0.60340197,5340,4783,0.89569288,5307,1413,0.26625212,5340,1876,0.35131086
20240305,5348,934,4346,68,0.17464473,0.45015063,5341,4395,0.82287961,5307,1283,0.24175617,5340,2187,0.40955056
20240306,5346,3439,1741,166,0.6432847,0.56870845,5339,4756,0.89080352,5307,1377,0.25946863,5339,2876,0.53867765
20240307,5346,1517,3663,166,0.28376356,0.42998706,5339,4570,0.85596554,5308,1253,0.23605878,5339,3562,0.66716614
20240308,5347,3628,1497,222,0.67851131,0.43393914,5341,4599,0.86107471,5308,1422,0.26789751,5339,4048,0.75819442
20240311,5346,4484,781,81,0.83875795,0.52379245,5340,4928,0.92284644,5308,1743,0.32837227,5340,4880,0.91385768
20240312,5348,3700,1526,122,0.69184742,0.62723299,5342,4911,0.91931861,5310,1931,0.36365348,5342,5235,0.97997005
20240313,5350,2237,2931,182,0.41813084,0.58220222,5343,4686,0.87703537,5312,2035,0.38309488,5342,5122,0.95881692
20240314,5350,1558,3587,205,0.29121495,0.5836925,5345,4466,0.83554724,5313,1921,0.36156597,5343,4947,0.92588433
20240315,5349,4393,860,96,0.821275,0.61224523,5344,4703,0.8800524,5313,2241,0.4217956,5344,4961,0.92833084
20240318,5348,4589,655,104,0.85807779,0.6161092,5343,4879,0.9131574,5313,2717,0.51138716,5343,5002,0.93617818
20240319,5350,1743,3446,161,0.32579439,0.5428986,5345,4650,0.86997194,5316,2741,0.51561324,5345,4849,0.90720299
20240320,5351,3877,1267,207,0.72453747,0.60417992,5344,4664,0.87275449,5316,3097,0.58258089,5344,4795,0.89726796
20240321,5351,2209,2912,230,0.41282003,0.62850094,5344,4454,0.83345808,5317,3142,0.59093474,5344,4669,0.87369012
20240322,5351,924,4390,37,0.172678,0.49878154,5344,3735,0.69891467,5319,2676,0.50310209,5344,4248,0.79491018
20240325,5352,733,4551,68,0.13695815,0.35455761,5344,2625,0.49120509,5320,2148,0.4037594,5344,3393,0.63491766
20240326,5353,2528,2631,194,0.47225855,0.38385044,5346,2627,0.49139544,5321,2160,0.40593873,5345,2500,0.46772685
20240327,5355,589,4720,46,0.10999066,0.26094108,5348,1313,0.24551234,5324,1525,0.28643877,5348,3389,0.63369484
20240328,5356,4575,662,119,0.85418223,0.34921352,5348,1975,0.36929693,5324,1950,0.36626597,5347,3003,0.56162334
20240329,5356,3876,1356,124,0.72367438,0.45941279,5347,2554,0.47765102,5325,2289,0.42985915,5347,3035,0.567608
20240401,5358,4650,630,78,0.86786114,0.60559339,5349,3455,0.64591512,5328,3040,0.57057057,5349,3570,0.66741447
20240402,5359,2280,2900,179,0.42545251,0.59623218,5349,3254,0.60833801,5328,3131,0.58765015,5349,3744,0.69994391
20240403,5358,1765,3455,138,0.32941396,0.64011684,5348,2831,0.52935677,5328,2924,0.5487988,5348,3391,0.63406881
20240408,5361,797,4519,45,0.14866629,0.49901366,5350,1868,0.34915888,5329,2283,0.42841058,5349,3100,0.57954758
20240409,5362,4166,1092,104,0.7769489,0.50966856,5351,2293,0.42851803,5331,2738,0.5135997,5351,3172,0.5927864
20240410,5362,938,4375,49,0.17493473,0.37108328,5351,1630,0.30461596,5331,2235,0.41924592,5351,2367,0.44234722
20240411,5363,2675,2482,206,0.49878799,0.38575037,5353,1710,0.31944704,5331,2342,0.4393172,5351,2171,0.40571856
20240412,5363,1519,3742,102,0.28323699,0.37651498,5353,1530,0.28582103,5332,2193,0.41129032,5353,1995,0.37268821
20240415,5363,1229,4097,37,0.22916278,0.39261428,5352,1110,0.2073991,5334,1659,0.31102362,5352,1488,0.27802691
20240416,5363,279,5067,17,0.05202312,0.24762912,5352,674,0.12593423,5334,1085,0.20341207,5352,817,0.15265321
20240417,5362,5144,203,15,0.95934353,0.40451088,5351,1063,0.19865446,5333,1553,0.2912057,5351,1004,0.18762848
20240418,5361,2117,3120,124,0.39488901,0.38373109,5352,1177,0.21991779,5333,1617,0.30320645,5350,1077,0.20130841
20240419,5359,1685,3541,133,0.31442433,0.38996856,5350,1230,0.22990654,5331,1627,0.30519602,5350,1050,0.19626168
20240422,5358,1924,3319,115,0.35908921,0.41595384,5349,1234,0.23069733,5332,1575,0.29538635,5349,1020,0.19068985
20240423,5357,3236,1995,126,0.60406944,0.52636311,5349,1157,0.21630211,5332,1621,0.3040135,5348,1096,0.20493642
20240424,5358,4195,1026,137,0.7829414,0.49108268,5350,1530,0.28598131,5333,1952,0.36602288,5350,1477,0.27607477
20240425,5355,2938,2238,179,0.54864613,0.5218341,5347,1709,0.31961848,5330,2015,0.37804878,5347,1542,0.28838601
20240426,5346,3932,1293,121,0.73550318,0.60604987,5340,2328,0.43595506,5323,2369,0.44504978,5338,2345,0.43930311
20240429,5337,4514,773,50,0.84579352,0.70339073,5332,3641,0.68285821,5314,3181,0.59860745,5331,2531,0.47477021
20240430,5301,1928,3248,125,0.36370496,0.65531784,5296,3385,0.63916163,5279,3026,0.57321462,5296,2085,0.39369335
20240506,5342,4515,742,85,0.84518907,0.66776737,5338,4164,0.78006744,5320,3547,0.66672932,5337,2084,0.39048154
20240507,5342,3004,2106,232,0.5623362,0.67050539,5338,4363,0.81734732,5321,3703,0.69592182,5338,2239,0.41944549
20240508,5340,978,4290,72,0.18314607,0.56003396,5338,3953,0.74053953,5319,3333,0.62662155,5336,2117,0.39673913
20240509,5341,4288,934,119,0.80284591,0.55144444,5338,4448,0.83327089,5319,3666,0.6892273,5338,3121,0.58467591
20240510,5341,1366,3877,98,0.25575735,0.52985492,5338,4094,0.76695392,5321,3346,0.62882917,5338,2491,0.46665418
20240513,5340,1124,4131,85,0.21048689,0.40291448,5337,3312,0.62057336,5319,2862,0.53807107,5336,2554,0.47863568
20240514,5343,3468,1682,193,0.64907355,0.42026195,5340,3690,0.69101124,5322,3003,0.56426156,5340,2695,0.50468165
20240515,5344,1326,3881,137,0.24812874,0.43325849,5342,3352,0.62748034,5324,2763,0.5189707,5341,2705,0.50645946
20240516,5343,2823,2343,177,0.52835486,0.37836028,5341,3483,0.65212507,5325,2822,0.52995305,5341,3603,0.67459277
20240517,5343,4086,1126,131,0.76473891,0.48015659,5341,3787,0.70904325,5325,3054,0.57352113,5341,4675,0.87530425
20240520,5339,2755,2412,172,0.51601423,0.54126206,5337,3842,0.71988008,5321,3067,0.57639541,5337,4100,0.76822185
20240521,5342,1148,4094,100,0.21490079,0.45442751,5340,3160,0.5917603,5324,2790,0.52404207,5340,3932,0.73632959
20240522,5343,3108,2021,214,0.58169568,0.52114089,5341,3213,0.60157274,5325,2872,0.53934272,5341,4109,0.76933159
20240523,5343,736,4578,29,0.13775033,0.44301999,5341,1923,0.36004494,5325,2322,0.43605634,5341,3915,0.7330088
20240524,5343,1313,3852,178,0.24574209,0.33922062,5341,1450,0.27148474,5325,2107,0.39568075,5341,3567,0.66785246
20240527,5341,3397,1761,183,0.63602322,0.36322242,5339,1596,0.29893238,5323,2243,0.42137892,5339,3288,0.61584566
20240528,5341,1149,4105,87,0.21512825,0.36326791,5339,1237,0.23169133,5324,2023,0.37997746,5339,2915,0.54598239
20240529,5341,2754,2312,275,0.51563378,0.35005553,5339,1285,0.24068178,5324,2075,0.38974455,5339,2661,0.49840794
20240530,5342,1674,3517,151,0.31336578,0.38517862,5339,1083,0.20284698,5325,1913,0.35924883,5339,1763,0.33021165
20240531,5341,3267,1826,248,0.61168321,0.45836685,5338,1297,0.2429749,5324,2043,0.38373403,5338,1957,0.36661671
20240603,5341,907,4402,32,0.16981839,0.36512588,5338,958,0.17946797,5324,1652,0.31029301,5338,1113,0.20850506
20240604,5340,2077,3128,135,0.38895131,0.39989049,5337,989,0.1853101,5323,1579,0.29663723,5337,1036,0.19411654
20240605,5345,674,4606,65,0.12609916,0.32198357,5342,745,0.13946088,5327,1275,0.23934672,5341,957,0.17917993
20240606,5347,509,4809,29,0.09519357,0.27834913,5344,529,0.09898952,5330,970,0.18198874,5344,624,0.11676647
20240607,5344,4119,1161,64,0.77077096,0.31016668,5341,558,0.10447482,5326,1047,0.1965828,5340,714,0.13370787
20240611,5344,3044,2137,163,0.56961078,0.39012515,5341,687,0.1286276,5326,1091,0.20484416,5341,880,0.16476315
20240612,5348,3972,1187,189,0.74270755,0.4608764,5344,867,0.16223802,5331,1255,0.23541549,5344,927,0.17346557
20240613,5349,1740,3483,126,0.32529445,0.50071546,5345,971,0.18166511,5332,1222,0.2291823,5345,1064,0.19906455
20240614,5350,2684,2401,265,0.50168224,0.5820132,5346,1038,0.19416386,5333,1243,0.23307707,5346,1051,0.19659559
20240617,5349,1602,3598,149,0.29949523,0.48775805,5345,1100,0.20579981,5332,1199,0.22486872,5345,896,0.1676333
20240618,5347,3991,1204,152,0.74639985,0.52311587,5343,1542,0.28860191,5330,1375,0.25797373,5343,940,0.17593112
20240619,5346,1605,3583,158,0.30022447,0.43461925,5342,1473,0.27573942,5331,1334,0.25023448,5342,982,0.18382628
20240620,5345,830,4468,47,0.15528531,0.40061742,5340,1066,0.19962547,5329,1092,0.20491649,5340,778,0.14569288
20240621,5345,2384,2687,274,0.44602432,0.38948584,5340,1123,0.21029963,5329,1120,0.21017076,5340,918,0.17191011
20240624,5343,328,4992,23,0.06138873,0.34186454,5338,612,0.11464968,5328,787,0.14771021,5338,746,0.13975272
20240625,5338,2841,2323,174,0.53222181,0.29902893,5333,567,0.10631914,5323,760,0.14277663,5333,599,0.11231952
20240626,5345,4802,480,63,0.89840973,0.41866598,5338,1041,0.19501686,5328,956,0.17942943,5338,886,0.16597977
20240627,5339,535,4732,72,0.10020603,0.40765012,5333,745,0.13969623,5324,796,0.14951165,5332,705,0.13222056
20240628,5338,3035,2069,234,0.56856501,0.43215826,5332,1036,0.19429857,5324,919,0.17261458,5332,810,0.15191298
20240701,5336,3581,1620,135,0.67110195,0.5541009,5330,1436,0.26941839,5322,967,0.18169861,5330,759,0.1424015
20240702,5336,2423,2733,180,0.45408546,0.53847363,5330,1781,0.33414634,5323,963,0.18091302,5330,903,0.16941839
20240703,5335,1350,3762,223,0.25304592,0.40940087,5329,1544,0.28973541,5321,831,0.15617365,5328,867,0.16272523
20240704,5336,427,4885,24,0.08002249,0.40536416,5330,708,0.13283302,5324,647,0.12152517,5330,802,0.15046904
20240705,5335,3927,1231,177,0.73608247,0.43886766,5329,942,0.17676862,5322,694,0.1304021,5328,1869,0.35078829
20240708,5334,454,4851,29,0.08511436,0.32167014,5328,574,0.10773273,5321,553,0.10392783,5328,866,0.16253754
20240709,5340,4274,919,147,0.80037453,0.39092796,5335,921,0.17263355,5328,758,0.14226727,5334,1101,0.2064117
20240710,5342,1544,3657,141,0.28903033,0.39812484,5336,892,0.16716642,5329,746,0.13998874,5336,862,0.16154423
20240711,5342,4989,315,38,0.93391988,0.56890431,5336,1988,0.37256372,5330,973,0.18255159,5336,1299,0.24344078
20240712,5342,1993,3102,247,0.37308124,0.49630407,5336,2054,0.38493253,5330,972,0.18236398,5336,1236,0.23163418
20240715,5343,891,4367,85,0.16676025,0.51263325,5337,1465,0.27449878,5331,853,0.1600075,5337,1123,0.21041784
20240716,5343,2464,2600,279,0.46116414,0.44479117,5337,1710,0.32040472,5331,931,0.1746389,5337,1001,0.18755855
20240717,5340,1625,3535,180,0.30430712,0.44784653,5335,1594,0.29878163,5328,916,0.17192192,5334,1006,0.18860142
20240718,5337,2156,2915,266,0.40397227,0.341857,5332,1669,0.31301575,5325,848,0.15924883,5332,1312,0.24606152
20240719,5336,3102,1983,251,0.58133433,0.38350762,5331,1917,0.35959482,5324,904,0.16979715,5331,1323,0.24817107
20240722,5335,2905,2189,241,0.54451734,0.45905904,5329,2051,0.38487521,5322,912,0.17136415,5329,2431,0.45618315
20240723,5335,568,4673,94,0.10646673,0.38811956,5331,1298,0.24348152,5322,695,0.13059,5329,1765,0.33120661
20240724,5335,799,4446,90,0.1497657,0.35721127,5331,999,0.18739449,5322,591,0.11104848,5331,976,0.1830801
20240725,5333,3421,1678,234,0.64147759,0.40471234,5329,1138,0.21354851,5320,635,0.1193609,5329,1333,0.25014074
20240726,5335,4485,747,103,0.84067479,0.45658043,5330,1741,0.32664165,5321,757,0.14226649,5330,1568,0.29418386
20240729,5333,2342,2741,250,0.43915245,0.43550745,5328,1932,0.36261261,5319,835,0.1569844,5328,1431,0.26858108
20240730,5334,3389,1750,195,0.63535808,0.54128572,5330,2407,0.45159475,5320,929,0.17462406,5329,1519,0.2850441
20240731,5334,5051,255,28,0.94694413,0.70072141,5329,4260,0.79939951,5319,1466,0.27561572,5329,2650,0.49727904
20240801,5334,2170,2862,302,0.40682415,0.65379072,5329,4125,0.77406643,5319,1563,0.29385223,5328,3644,0.68393393
20240802,5336,995,4194,147,0.18646927,0.52294961,5331,3489,0.65447383,5321,1283,0.24112009,5331,2853,0.53517164
20240805,5334,507,4754,73,0.09505062,0.45412925,5329,2128,0.39932445,5320,855,0.16071429,5329,3032,0.56896228
20240806,5335,4768,488,79,0.89372071,0.50580178,5330,2976,0.55834897,5320,1222,0.22969925,5329,3022,0.56708576
20240807,5336,2161,2937,238,0.40498501,0.39740995,5331,2983,0.55955731,5321,1290,0.24243563,5331,3246,0.60889139
20240808,5337,2355,2772,210,0.44125913,0.40429695,5332,2892,0.5423856,5322,1286,0.24163848,5332,2355,0.44167292
20240809,5337,1282,3811,244,0.24020986,0.41504507,5332,2563,0.48068267,5322,1162,0.21833897,5332,2136,0.40060015
20240812,5338,1512,3649,177,0.28325215,0.45268537,5333,2169,0.40671292,5323,1106,0.20777757,5333,2418,0.45340334
20240813,5338,3730,1377,231,0.69876358,0.41369395,5333,2491,0.46709169,5323,1306,0.24535037,5333,2549,0.47796737
20240814,5339,1370,3745,224,0.25660236,0.38401742,5333,2133,0.3999625,5323,1267,0.23802367,5333,2506,0.46990437
20240815,5339,3867,1277,195,0.72429294,0.44062418,5333,2620,0.49128071,5323,1541,0.2894984,5333,2767,0.51884493
20240816,5339,1670,3531,138,0.31279266,0.45514074,5333,2209,0.41421339,5322,1437,0.27001127,5332,2458,0.46099025
20240819,5338,1912,3175,251,0.35818659,0.47012763,5332,2091,0.39216054,5321,1460,0.27438451,5332,2250,0.4219805
20240820,5339,669,4592,78,0.12530436,0.35543578,5333,1236,0.23176449,5322,1169,0.21965427,5333,2311,0.43333958
20240821,5340,1849,3237,254,0.34625468,0.37336625,5333,1099,0.20607538,5322,1103,0.20725291,5333,2681,0.50271892
20240822,5340,777,4469,94,0.14550562,0.25760878,5333,775,0.14532158,5322,860,0.16159339,5332,1992,0.3735934
20240823,5338,1887,3230,221,0.35350318,0.26575089,5331,764,0.1433127,5320,854,0.16052632,5331,1368,0.25661227
20240826,5340,3843,1347,150,0.71966292,0.33804615,5332,978,0.18342086,5321,1035,0.19451231,5332,1651,0.30963991
20240827,5339,1053,4175,111,0.19722795,0.35243087,5332,787,0.1475994,5320,907,0.17048872,5331,1215,0.22791221
20240828,5339,3418,1685,236,0.64019479,0.41121889,5332,921,0.17273068,5320,1004,0.1887218,5331,776,0.14556368
20240829,5339,4178,966,195,0.78254355,0.53862648,5331,1476,0.27687113,5319,1258,0.23651062,5331,967,0.18139186
20240830,5339,4680,565,94,0.87656865,0.64323957,5331,2525,0.47364472,5320,1756,0.33007519,5331,1614,0.30275746
20240902,5337,823,4416,98,0.15420648,0.53014828,5330,1801,0.33789869,5318,1462,0.27491538,5329,1911,0.35860387
20240903,5338,3924,1167,247,0.73510678,0.63772405,5329,2223,0.41715144,5318,1669,0.31383979,5329,1649,0.30943892
20240904,5338,1292,3873,173,0.24203822,0.55809273,5328,2009,0.37706456,5317,1523,0.28643972,5328,1469,0.27571321
20240905,5338,3948,1175,215,0.73960285,0.54950459,5328,2582,0.48460961,5317,1832,0.3445552,5328,1697,0.31850601
20240906,5338,539,4713,86,0.10097415,0.3943857,5328,1665,0.3125,5317,1385,0.26048524,5328,1434,0.26914414
20240909,5336,1945,3094,297,0.36450525,0.43644545,5326,1606,0.30153962,5315,1400,0.26340546,5326,1592,0.298911
20240910,5336,3324,1769,243,0.62293853,0.4140118,5327,1967,0.36925099,5315,1576,0.29651929,5326,1546,0.29027413
20240911,5340,1605,3549,186,0.3005618,0.42571651,5330,1761,0.330394,5319,1481,0.2784358,5330,1532,0.28742964
20240912,5340,1893,3140,307,0.35449438,0.34869482,5331,1782,0.33427124,5319,1479,0.27805979,5330,1262,0.23677298
20240913,5341,1094,4085,162,0.20483056,0.3694661,5331,1349,0.25304821,5319,1264,0.23763865,5331,1151,0.21590696
20240918,5337,1520,3650,167,0.2848042,0.35352589,5327,1173,0.22019899,5315,1095,0.2060207,5327,1084,0.20349165
20240919,5342,4800,489,53,0.89853987,0.40864616,5333,2250,0.42190137,5322,1635,0.30721533,5332,2046,0.38372093
20240920,5342,1639,3480,223,0.30681393,0.40989659,5333,2054,0.38514907,5321,1599,0.30050742,5332,2008,0.37659415
20240923,5343,2565,2515,263,0.48006738,0.43501119,5334,2115,0.39651294,5322,1651,0.31022172,5334,2509,0.4703787
20240924,5344,5168,161,15,0.96706587,0.58745825,5336,4109,0.77005247,5323,2567,0.48224685,5335,3746,0.70215558
20240925,5347,4165,1011,171,0.77894146,0.6862857,5338,4511,0.84507306,5325,2993,0.56206573,5338,3797,0.7113151
20240926,5348,5144,177,27,0.9618549,0.69894871,5338,5054,0.94679655,5325,3967,0.74497653,5337,4704,0.88139404
20240927,5348,5227,96,25,0.97737472,0.83306087,5339,5264,0.98595243,5325,4929,0.9256338,5338,5109,0.95710004
20240930,5344,5336,8,0,0.99850299,0.93674799,5335,5314,0.99606373,5322,5297,0.99530252,5335,5290,0.99156514
20241008,5341,5030,291,20,0.9417712,0.93168906,5331,5303,0.9947477,5318,5290,0.99473486,5331,5287,0.99174639
20241009,5341,295,5044,2,0.0552331,0.78694738,5333,5255,0.98537409,5318,5195,0.976871,5331,5209,0.97711499
20241010,5343,2999,2229,115,0.56129515,0.70683543,5336,5263,0.98631934,5321,5206,0.97838752,5335,5221,0.97863168
20241011,5343,441,4863,39,0.0825379,0.52786807,5335,5222,0.97881912,5320,5086,0.95601504,5335,5170,0.96907216
20241014,5345,5024,282,39,0.93994387,0.51615625,5336,5257,0.9851949,5321,5192,0.97575644,5336,5221,0.97844828
20241015,5346,802,4482,62,0.15001871,0.35780575,5337,5197,0.97376803,5322,5113,0.96072905,5337,5204,0.97507963
20241016,5348,2725,2458,165,0.50953628,0.44866638,5339,5164,0.96722233,5324,5111,0.95999249,5339,5216,0.97696198
20241017,5352,1800,3449,103,0.33632287,0.40367192,5342,5042,0.94384126,5326,5057,0.94949305,5341,5214,0.97622168
20241018,5351,5095,200,56,0.95215848,0.57759604,5341,5190,0.97172814,5325,5174,0.97164319,5341,5253,0.98352368
20241021,5351,3774,1441,136,0.70528873,0.53066501,5342,5137,0.96162486,5325,5175,0.97183099,5341,5254,0.98371092
20241022,5350,3595,1682,73,0.67196262,0.63505379,5341,5214,0.97622168,5325,5224,0.98103286,5341,5282,0.98895338
20241023,5347,2753,2423,171,0.51486815,0.63612017,5338,5209,0.97583365,5322,5226,0.98196167,5338,5281,0.98932184
20241024,5349,2141,3051,157,0.40026173,0.64890794,5339,5121,0.95916838,5322,5232,0.98308906,5338,5286,0.99025852
20241025,5349,4303,983,63,0.80444943,0.61936613,5338,5145,0.96384414,5321,5236,0.98402556,5338,5292,0.99138254
20241028,5346,4224,1073,49,0.79012346,0.63633308,5335,5131,0.96176195,5319,5248,0.98665163,5335,5307,0.99475164
20241029,5348,1063,4247,38,0.19876589,0.54169373,5336,4626,0.86694153,5319,5225,0.98232751,5335,5264,0.98669166
20241030,5346,2321,2916,109,0.43415638,0.52555138,5336,4039,0.75693403,5317,5186,0.97536205,5334,5250,0.98425197
20241031,5349,3513,1721,115,0.65675827,0.57685069,5337,4024,0.75398164,5319,5172,0.97236323,5337,5129,0.96102679
20241101,5349,976,4326,47,0.18246401,0.4524536,5337,2735,0.51246018,5320,5127,0.9637218,5337,4759,0.89169946
20241104,5350,4496,772,82,0.84037383,0.46250368,5339,3564,0.66754074,5321,5181,0.97368916,5338,3185,0.59666542
20241105,5353,5070,239,44,0.94713245,0.61217699,5342,4673,0.87476601,5324,5231,0.98253193,5342,2142,0.40097342
20241106,5354,2828,2380,146,0.52820321,0.63098636,5343,4656,0.87142055,5326,5225,0.98103643,5343,4401,0.82369455
20241107,5354,4528,792,34,0.84572282,0.66877927,5342,5017,0.93916136,5324,5255,0.98703982,5341,4763,0.89178057
20241108,5356,2222,3046,88,0.41486184,0.71525883,5345,5014,0.93807297,5326,5247,0.9851671,5344,5071,0.94891467
20241111,5352,3940,1330,82,0.73617339,0.69441874,5340,5086,0.95243446,5321,5245,0.98571697,5340,4963,0.92940075
20241112,5353,1486,3774,93,0.27760135,0.56051252,5341,4982,0.93278412,5322,5235,0.98365276,5341,5057,0.94682644
20241113,5353,2587,2610,156,0.4832804,0.55152796,5343,4941,0.92476137,5322,5242,0.98496806,5341,5045,0.94457967
20241114,5354,487,4850,17,0.09096003,0.4005754,5344,3909,0.73147455,5324,5217,0.97990233,5344,4946,0.92552395
20241115,5355,929,4367,59,0.17348273,0.35229958,5345,2483,0.4645463,5325,5193,0.97521127,5345,4309,0.80617399
20241118,5352,1165,4121,66,0.21767564,0.24860003,5342,1579,0.29558218,5323,5108,0.95960924,5342,3402,0.63684013
20241119,5355,4517,777,61,0.84351074,0.36178191,5344,2405,0.45003743,5325,5168,0.97051643,5344,3759,0.70340569
20241120,5359,4573,713,73,0.85333085,0.43579199,5349,3306,0.61805945,5328,5201,0.97616366,5347,4151,0.77632317
20241121,5359,2564,2646,149,0.47844747,0.51328948,5350,3241,0.60579439,5329,5194,0.97466692,5349,4274,0.79902786
20241122,5361,429,4918,14,0.08002238,0.49459741,5351,1510,0.28219024,5331,4979,0.93397111,5351,2827,0.52831246
20241125,5360,3734,1538,88,0.69664179,0.59039065,5352,2040,0.38116592,5330,4984,0.93508443,5350,2602,0.48635514
20241126,5360,1535,3708,117,0.2863806,0.47896462,5352,1726,0.32249626,5331,4928,0.92440443,5352,2965,0.55399851
20241127,5360,4330,915,115,0.80783582,0.46986561,5353,2101,0.39249019,5330,5020,0.94183865,5351,3384,0.63240516
20241128,5358,2530,2700,128,0.47219112,0.46861434,5351,2270,0.42421977,5329,4948,0.92850441,5351,3161,0.5907307
20241129,5364,4291,931,142,0.79996271,0.61260241,5355,2767,0.51671335,5334,5038,0.94450694,5355,4066,0.75929038
20241202,5362,4644,659,59,0.86609474,0.646493,5353,3565,0.66598169,5332,5106,0.9576144,5353,4066,0.75957407
20241203,5362,2448,2721,193,0.45654606,0.68052609,5353,3641,0.68017934,5332,5093,0.95517629,5353,3531,0.65963011
20241204,5362,981,4340,41,0.18295412,0.55554975,5354,2885,0.53884946,5333,5006,0.93868367,5352,3005,0.56147235
20241205,5366,3824,1407,135,0.71263511,0.60363855,5356,3377,0.63050784,5336,5008,0.93853073,5356,2625,0.49010456
20241206,5364,3636,1649,79,0.67785235,0.57921648,5355,3895,0.72735761,5334,5063,0.94919385,5354,2920,0.54538663
20241209,5362,2040,3217,105,0.38045505,0.48208854,5353,3733,0.69736596,5332,5024,0.94223556,5353,2358,0.44050065
20241210,5365,2891,2280,194,0.538863,0.49855193,5356,4086,0.76288275,5335,5062,0.94882849,5356,2653,0.49533234
20241211,5366,3854,1421,91,0.71822587,0.60560628,5356,4419,0.82505601,5335,5086,0.95332709,5356,2902,0.54182226
20241212,5367,3537,1717,113,0.65902739,0.59488473,5356,4594,0.85772965,5336,5120,0.95952024,5356,3823,0.71377894
20241213,5366,920,4411,35,0.17144987,0.49360424,5355,3744,0.69915966,5335,4873,0.91340206,5355,3815,0.7124183
20241216,5370,1768,3479,123,0.3292365,0.48336053,5360,3253,0.60690299,5340,4677,0.8758427,5359,4059,0.75741743
20241217,5367,554,4794,19,0.1032234,0.39623261,5358,1586,0.29600597,5337,4013,0.75192055,5357,2845,0.53108083
20241218,5369,2802,2358,209,0.52188489,0.35696441,5359,1772,0.3306587,5338,3966,0.7429749,5359,2375,0.4431797
20241219,5368,2422,2801,145,0.45119225,0.31539738,5359,1735,0.32375443,5338,3846,0.72049457,5358,2371,0.44251586
20241220,5373,3556,1664,153,0.66182766,0.41347294,5362,2102,0.3920179,5341,3947,0.73900019,5362,3721,0.69395748
20241223,5371,555,4796,20,0.10333271,0.36829218,5360,964,0.17985075,5339,2512,0.47050009,5360,2217,0.4136194
20241224,5371,3913,1346,112,0.72854217,0.49335594,5360,1229,0.22929104,5339,2692,0.50421427,5359,2693,0.50251913
20241225,5368,911,4400,57,0.16970939,0.42292084,5357,1019,0.19021841,5338,2026,0.3795429,5357,1858,0.34683592
20241226,5372,3649,1521,202,0.67926284,0.46853495,5362,1163,0.21689668,5341,2170,0.40629096,5360,2062,0.38470149
20241227,5370,3547,1731,92,0.66052142,0.46827371,5360,1303,0.24309701,5339,2413,0.4519573,5360,1896,0.35373134
20241230,5367,1322,3957,88,0.2463201,0.49687118,5356,1224,0.22852875,5336,2140,0.40104948,5356,1401,0.2615758
20241231,5370,705,4620,45,0.13128492,0.37741973,5360,794,0.14813433,5339,1587,0.29724668,5359,1013,0.1890278
20250102,5369,925,4384,60,0.17228534,0.37793492,5360,547,0.10205224,5337,1223,0.22915496,5358,935,0.17450541
20250103,5372,615,4727,30,0.1144825,0.26497886,5361,370,0.06901697,5339,810,0.1517138,5361,598,0.11154635
20250106,5370,2292,2933,145,0.42681564,0.2182377,5359,363,0.06773652,5338,720,0.13488198,5359,500,0.09330099
20250107,5373,4394,902,77,0.81779267,0.33253221,5362,518,0.09660574,5341,881,0.16495038,5362,609,0.11357702
20250108,5373,1978,3251,144,0.36813698,0.37990263,5363,617,0.11504755,5341,891,0.16682269,5362,579,0.1079821
20250109,5374,2729,2459,186,0.50781541,0.44700864,5365,680,0.12674744,5344,925,0.17309132,5364,524,0.09768829
20250110,5375,534,4803,38,0.09934884,0.44398191,5364,501,0.09340045,5343,708,0.13250983,5364,374,0.06972409
20250113,5374,3007,2181,186,0.55954596,0.47052797,5363,489,0.09118031,5342,659,0.12336204,5363,417,0.07775499
20250114,5377,5334,38,5,0.99200298,0.50537003,5366,1341,0.24990682,5345,1091,0.204116,5366,700,0.13045099
20250115,5379,1666,3555,158,0.309723,0.49368724,5367,1381,0.25731321,5345,1043,0.19513564,5366,895,0.16679091
20250116,5379,3368,1817,194,0.62613869,0.51735189,5367,1731,0.32252655,5347,1122,0.20983729,5367,916,0.17067263
20250117,5378,2620,2535,223,0.48716995,0.59491611,5368,1947,0.36270492,5347,1131,0.21152048,5366,910,0.16958628
20250120,5377,3618,1587,172,0.67286591,0.6175801,5367,2765,0.51518539,5346,1285,0.24036663,5367,907,0.16899571
20250121,5379,1985,3258,136,0.3690277,0.49298505,5370,2680,0.4990689,5350,1333,0.24915888,5369,1478,0.27528404
20250122,5383,1032,4262,89,0.19171466,0.46938338,5372,2187,0.40711095,5352,1176,0.21973094,5372,1122,0.20886076
20250123,5384,2334,2796,254,0.43350669,0.43085698,5373,2295,0.42713568,5354,1154,0.21553978,5372,1476,0.274758
20250124,5381,3957,1226,198,0.73536517,0.48049603,5370,3049,0.56778399,5351,1300,0.24294524,5370,1448,0.26964618
20250127,5382,1816,3423,143,0.33742103,0.41340705,5370,2863,0.53314711,5350,1165,0.21775701,5369,1159,0.21586888
20250205,5384,3433,1851,100,0.63763001,0.46712751,5372,3304,0.61504095,5352,1227,0.22926009,5372,1522,0.28332092
20250206,5385,4802,471,112,0.8917363,0.60713184,5373,4203,0.78224456,5352,1665,0.31109865,5372,2781,0.51768429
20250207,5386,4170,1088,128,0.77422948,0.6752764,5376,4613,0.85807292,5355,1944,0.36302521,5374,3822,0.71120208
20250210,5387,4147,1110,130,0.76981622,0.68216661,5377,4813,0.8951088,5356,2402,0.44846901,5377,4619,0.8590292
20250211,5386,1834,3419,133,0.34051244,0.68278489,5376,4708,0.87574405,5356,2428,0.45332338,5376,4564,0.84895833
20250212,5386,3561,1568,257,0.66115856,0.6874906,5376,4785,0.89006696,5356,2686,0.50149365,5376,4535,0.84356399
20250213,5387,1152,4112,123,0.21384815,0.55191297,5377,4566,0.8491724,5357,2336,0.43606496,5377,4466,0.83057467
20250214,5386,2400,2800,186,0.4455997,0.48618702,5378,4356,0.80996653,5356,2389,0.44604182,5376,4494,0.8359375
20250217,5389,3675,1604,110,0.6819447,0.46861271,5381,4475,0.83162981,5359,2714,0.50643777,5381,4879,0.90670879
20250218,5388,731,4626,31,0.13567186,0.4276446,5380,3192,0.59330855,5358,2069,0.38615155,5380,4663,0.86672862
20250219,5388,4645,591,152,0.86210097,0.46783308,5382,3991,0.74154589,5359,2598,0.48479194,5380,4178,0.77657993
20250220,5387,3377,1842,168,0.62687952,0.55043935,5381,4139,0.76918788,5359,2919,0.54469117,5381,4359,0.81007248
20250221,5389,2872,2352,165,0.53293747,0.5679069,5383,4113,0.76407208,5361,3039,0.56687185,5383,4188,0.77800483
20250224,5386,2778,2468,140,0.51578166,0.53467429,5380,4234,0.78698885,5359,3202,0.59749953,5380,4309,0.80092937
20250225,5384,1537,3735,112,0.28547548,0.56463502,5378,3837,0.71346225,5357,3031,0.56580175,5378,3934,0.7314987
20250226,5385,4250,1054,81,0.78922934,0.55006069,5381,4261,0.79186025,5358,3399,0.6343785,5379,4311,0.80145008
20250227,5383,2133,3095,155,0.39624745,0.50393428,5380,4209,0.78234201,5357,3413,0.63711032,5379,4539,0.84383714
20250228,5383,570,4773,40,0.10588891,0.41852457,5380,2439,0.45334572,5357,2581,0.48179951,5380,4084,0.75910781
20250303,5381,3223,1966,192,0.5989593,0.4351601,5379,2597,0.4828035,5356,2753,0.51400299,5377,4004,0.74465315
20250304,5383,4050,1172,161,0.75236857,0.52853871,5379,3204,0.59564975,5356,3170,0.5918596,5379,4299,0.79921919
20250305,5382,2358,2884,140,0.43812709,0.45831826,5379,2956,0.54954453,5355,3146,0.58748833,5378,4228,0.78616586
20250306,5380,4275,974,131,0.79460967,0.53799071,5377,3652,0.67918914,5354,3537,0.66062757,5377,4195,0.78017482
20250307,5381,1714,3556,111,0.31852815,0.58051856,5378,3178,0.59092599,5357,3405,0.63561695,5378,3669,0.68222388
20250310,5381,3279,1953,149,0.60936629,0.58259995,5378,3422,0.63629602,5357,3570,0.66641777,5378,3375,0.62755671
20250311,5384,2881,2282,221,0.53510401,0.53914704,5379,3515,0.65346719,5358,3689,0.68850317,5379,3650,0.67856479
20250312,5383,2627,2560,196,0.48801783,0.54912519,5378,3677,0.68371142,5357,3810,0.71121897,5378,3501,0.6509855
20250313,5385,1494,3777,114,0.27743733,0.44569072,5380,3008,0.55910781,5360,3632,0.67761194,5380,3517,0.65371747
20250314,5385,4495,790,100,0.83472609,0.54893031,5380,3927,0.72992565,5361,4189,0.78138407,5380,3961,0.73624535
20250317,5380,3146,2062,172,0.58475836,0.54400873,5375,4125,0.76744186,5356,4346,0.81142644,5375,3833,0.71311628
20250318,5387,2985,2199,203,0.55411175,0.54781027,5381,4217,0.78368333,5362,4422,0.82469228,5381,4501,0.83646162
20250319,5384,1493,3755,136,0.27730312,0.50566733,5377,3855,0.71694253,5358,4365,0.81466965,5377,4017,0.74707086
20250320,5386,1980,3222,184,0.36761975,0.52370382,5378,3535,0.65730755,5360,4321,0.80615672,5378,3745,0.69635552
20250321,5387,996,4289,102,0.18488955,0.39373651,5378,2658,0.49423578,5360,3939,0.73488806,5378,3128,0.58162886
20250324,5387,1460,3854,73,0.27102283,0.3309894,5377,1902,0.35372885,5361,3380,0.63047939,5377,2573,0.47851962
20250325,5390,2502,2741,147,0.46419295,0.31300564,5379,1938,0.36029002,5363,3401,0.63415999,5379,2757,0.5125488
20250326,5391,3548,1669,174,0.65813393,0.3891718,5380,2287,0.42509294,5365,3677,0.68536813,5380,2652,0.4929368
20250327,5392,1903,3364,125,0.35293027,0.38623391,5379,2144,0.3985871,5364,3589,0.66909023,5379,2569,0.47759807
20250328,5391,942,4352,97,0.17473567,0.38420313,5378,1505,0.27984381,5363,3100,0.57803468,5377,2887,0.5369165
20250331,5393,1295,4027,71,0.24012609,0.37802378,5382,1022,0.18989223,5365,2577,0.48033551,5380,2271,0.42211896
20250401,5392,3854,1406,132,0.71476261,0.42813771,5381,1513,0.2811745,5365,3035,0.56570363,5381,2346,0.43597844
20250402,5394,2758,2430,206,0.51130886,0.3987727,5382,1512,0.28093645,5366,3081,0.5741707,5382,2372,0.44072835
20250403,5393,2075,3157,161,0.38475802,0.40513825,5381,1433,0.26630738,5366,2912,0.54267611,5381,1980,0.36796135
20250407,5391,106,5284,1,0.0196624,0.3741236,5379,278,0.05168247,5366,609,0.11349236,5379,530,0.09853133
20250408,5392,3299,2048,45,0.61183234,0.44846485,5381,441,0.08195503,5366,757,0.14107343,5379,642,0.11935304
20250409,5395,4529,780,86,0.839481,0.47340853,5383,630,0.11703511,5368,1021,0.19020119,5383,758,0.14081367
20250410,5395,4950,386,59,0.91751622,0.55465,5383,847,0.1573472,5368,1278,0.2380775,5383,930,0.17276612
20250411,5394,3292,1913,189,0.61030775,0.59975994,5381,925,0.17190113,5366,1383,0.25773388,5381,990,0.18398067
20250414,5393,4552,757,84,0.84405711,0.76463888,5380,1229,0.22843866,5367,1625,0.30277623,5380,978,0.18178439
20250415,5391,2419,2814,158,0.44871081,0.73201458,5378,1326,0.24656006,5364,1636,0.30499627,5377,889,0.16533383
20250416,5395,1010,4314,71,0.18721038,0.60156045,5382,1228,0.22816797,5367,1471,0.27408236,5381,845,0.15703401
20250417,5395,3127,2039,229,0.57961075,0.53397936,5382,1446,0.26867336,5368,1574,0.29321908,5381,952,0.17691879
20250418,5394,2392,2741,261,0.44345569,0.50060895,5382,1456,0.2705314,5367,1504,0.28023104,5381,923,0.17152946
20250421,5394,4363,875,156,0.8088617,0.49356987,5383,2051,0.3810143,5367,1733,0.3228992,5382,1247,0.23169825
20250422,5392,2532,2671,189,0.46958457,0.49774462,5382,2292,0.42586399,5365,1810,0.33737185,5381,1474,0.27392678
20250423,5394,3185,2050,159,0.59047089,0.57839672,5384,2764,0.51337296,5367,1863,0.3471213,5384,1416,0.26300149
20250424,5394,1545,3694,155,0.28642937,0.51976044,5384,2447,0.4544948,5367,1734,0.32308552,5382,1207,0.22426607
20250425,5393,2832,2371,190,0.52512516,0.53609434,5383,2814,0.52275683,5366,1772,0.33022736,5382,1281,0.23801561
20250428,5387,1216,4110,61,0.22572861,0.41946772,5377,2237,0.41603124,5360,1476,0.27537313,5377,1281,0.23823694
20250429,5361,3557,1674,130,0.66349562,0.45824993,5351,2833,0.52943375,5336,1626,0.30472264,5351,1697,0.31713698
20250430,5360,3443,1770,147,0.64235075,0.4686259,5351,3365,0.62885442,5335,1756,0.32914714,5350,1591,0.29738318
20250506,5386,4962,379,45,0.92127739,0.5955955,5377,4315,0.8024921,5362,2368,0.44162626,5377,2118,0.39389994
20250507,5388,3293,1891,204,0.61117298,0.61280507,5379,4564,0.84848485,5364,2566,0.47837435,5379,2425,0.45082729
20250508,5389,3839,1367,183,0.71237706,0.71013476,5381,4582,0.85151459,5365,2855,0.53215284,5380,5033,0.93550186
20250509,5389,1213,4063,113,0.22508814,0.62245326,5382,4252,0.79004088,5365,2602,0.48499534,5381,4826,0.89685932
20250512,5389,4112,1101,176,0.76303581,0.64659028,5382,4408,0.81902638,5365,2902,0.54091333,5382,4706,0.87439614
20250513,5391,1941,3234,216,0.36004452,0.5343437,5384,4387,0.81482169,5366,2841,0.52944465,5383,4474,0.83113505
20250514,5391,2328,2816,247,0.43183083,0.49847527,5384,4401,0.81742199,5366,2853,0.53168095,5384,4431,0.82299406
20250515,5390,1407,3856,127,0.26103896,0.40820765,5384,3979,0.7390416,5365,2605,0.48555452,5383,3946,0.73304849
20250516,5391,3002,2187,202,0.55685402,0.47456083,5384,3952,0.73402675,5364,2722,0.50745712,5383,4010,0.74493777
20250519,5388,3564,1692,132,0.66146993,0.45424765,5380,4135,0.76858736,5359,2959,0.55215525,5379,4323,0.80368098
20250520,5394,3837,1380,177,0.71134594,0.52450794,5386,4388,0.81470479,5365,3221,0.60037279,5386,4402,0.81730412
20250521,5390,1615,3604,171,0.29962894,0.49806756,5382,4143,0.76978818,5361,3097,0.57769073,5382,4416,0.82051282
20250522,5386,887,4451,48,0.16468622,0.47879701,5378,3240,0.60245444,5357,2697,0.50345343,5378,3718,0.69133507
20250523,5388,1107,4204,77,0.20545657,0.40851752,5380,2450,0.45539033,5359,2401,0.44803135,5380,3407,0.63327138
20250526,5385,3797,1432,156,0.70510678,0.41724489,5379,2927,0.54415319,5356,2651,0.49495892,5377,3549,0.66003348
20250527,5385,2637,2576,172,0.48969359,0.37291442,5380,2866,0.53271375,5356,2725,0.50877521,5379,3794,0.70533556
20250528,5383,1751,3480,152,0.3252833,0.37804529,5378,2525,0.46950539,5354,2640,0.49308928,5378,3613,0.67181108
20250529,5386,4472,831,83,0.83030078,0.5111682,5380,3338,0.6204461,5357,3093,0.5773754,5380,4314,0.80185874
20250530,5384,1116,4163,105,0.20728083,0.51153306,5378,2455,0.4564894,5357,2752,0.51372037,5378,4009,0.7454444
20250603,5380,3390,1783,207,0.63011152,0.49653401,5374,2691,0.50074432,5353,2934,0.54810387,5374,3968,0.73836993
20250604,5386,3964,1238,184,0.73598218,0.54579172,5380,3141,0.583829,5359,3172,0.59190147,5380,3484,0.64758364
20250605,5388,2677,2541,170,0.49684484,0.58010403,5380,3326,0.61821561,5359,3312,0.61802575,5380,3391,0.6302974
20250606,5391,2601,2604,186,0.48247078,0.51053803,5383,3405,0.63254691,5362,3388,0.63185379,5383,3152,0.58554709
20250609,5387,4121,1094,172,0.76498979,0.62207982,5379,3911,0.72708682,5360,3690,0.68843284,5379,3793,0.70514966
20250610,5395,1263,4035,97,0.23410565,0.54287865,5387,3295,0.61165769,5367,3422,0.63760015,5386,3042,0.56479762
20250611,5398,3415,1738,245,0.63264172,0.52221056,5389,3689,0.68454259,5369,3657,0.68113243,5389,3347,0.62107998
20250612,5398,2327,2868,203,0.43108559,0.50905871,5388,3566,0.66184113,5368,3651,0.68014158,5388,3233,0.60003712
20250613,5398,849,4477,72,0.15728047,0.44402064,5390,2410,0.4471243,5368,3176,0.59165425,5388,3017,0.55994803
20250616,5400,3559,1641,200,0.65907407,0.4228375,5394,2755,0.51075269,5371,3372,0.62781605,5392,3160,0.58605341
20250617,5406,2250,2921,235,0.41620422,0.45925721,5400,2709,0.50166667,5378,3442,0.64001488,5400,2874,0.53222222
20250618,5406,1813,3479,114,0.33536811,0.39980249,5400,2389,0.44240741,5379,3346,0.62204871,5400,2369,0.4387037
20250619,5405,716,4646,43,0.13246994,0.34007936,5399,1581,0.29283201,5379,2700,0.50195204,5399,1937,0.35877014
20250620,5407,1542,3647,218,0.28518587,0.36566044,5399,1344,0.24893499,5380,2531,0.4704461,5399,2073,0.38395999
20250623,5402,4446,844,112,0.82302851,0.39845133,5394,1843,0.34167594,5376,3044,0.56622024,5394,3052,0.56581387
20250624,5406,4771,578,57,0.88253792,0.49171807,5398,3068,0.56835865,5380,3741,0.69535316,5398,3477,0.64412745
20250625,5407,3919,1284,204,0.72480118,0.56960468,5399,3544,0.65641786,5383,4071,0.75626974,5399,3721,0.6892017
20250626,5410,1621,3609,180,0.29963031,0.60303676,5402,3293,0.60958904,5386,3934,0.73041218,5401,3659,0.67746714
20250627,5405,3381,1772,252,0.62553191,0.67110597,5397,3568,0.66110802,5381,4085,0.75915257,5397,3357,0.62201223
20250630,5405,4056,1127,222,0.75041628,0.65658352,5397,3994,0.74004076,5381,4358,0.80988664,5397,4010,0.74300537
20250701,5404,2629,2545,230,0.48649149,0.57737424,5395,4187,0.77608897,5380,4401,0.81802974,5395,3965,0.73493976
20250702,5403,1945,3284,174,0.35998519,0.50441104,5396,3998,0.7409192,5379,4318,0.80275144,5394,3669,0.68020022
20250703,5403,3271,1866,266,0.6054044,0.56556586,5396,4187,0.77594514,5379,4406,0.81911136,5396,3737,0.69255004
20250704,5405,1169,4120,116,0.21628122,0.48371572,5398,3620,0.67061875,5382,4165,0.77387588,5398,3432,0.63579103
20250707,5403,3255,1978,170,0.60244309,0.45412108,5397,3790,0.70224199,5381,4175,0.77587809,5396,3245,0.60137139
20250708,5403,4283,981,139,0.79270775,0.51536433,5397,4336,0.8034093,5380,4421,0.82174721,5396,3828,0.70941438
20250709,5406,1856,3327,223,0.34332223,0.51203174,5401,4175,0.773005,5384,4332,0.80460624,5400,3566,0.66037037
20250710,5406,2947,2279,180,0.54513504,0.49997787,5400,4195,0.77685185,5383,4339,0.8060561,5400,3684,0.68222222
20250711,5409,2960,2206,243,0.54723609,0.56616884,5403,4319,0.79937072,5387,4469,0.82958975,5403,4333,0.80196187
20250714,5408,3179,2064,165,0.58783284,0.56324679,5402,4360,0.80710848,5387,4521,0.83924262,5402,4277,0.7917438
20250715,5408,1332,4017,59,0.24630178,0.45396559,5402,3742,0.69270641,5388,4270,0.79250186,5402,4028,0.74564976
20250716,5407,3278,1929,200,0.60625116,0.50655138,5400,3922,0.7262963,5386,4406,0.81804679,5400,4292,0.79481481
20250717,5407,3536,1611,260,0.65396708,0.52831779,5402,4156,0.76934469,5386,4527,0.84051244,5400,4723,0.87462963
20250718,5406,2603,2567,236,0.48150203,0.51517098,5401,4048,0.74949084,5385,4544,0.84382544,5401,4852,0.89835216
20250721,5404,4005,1291,108,0.74111769,0.54582795,5399,4384,0.81200222,5383,4761,0.88445105,5399,4796,0.88831265
20250722,5402,2540,2724,138,0.47019622,0.59060684,5397,4263,0.78988327,5383,4733,0.87924949,5397,4520,0.83750232
20250723,5406,1271,4027,108,0.23510914,0.51637843,5400,3808,0.70518519,5386,4575,0.84942443,5399,4135,0.76588257
20250724,5405,4391,914,100,0.81239593,0.5480642,5399,4219,0.78144101,5385,4754,0.88282266,5399,4406,0.81607705
20250725,5407,2533,2726,148,0.4684668,0.54545716,5401,4234,0.7839289,5387,4742,0.88026731,5401,4413,0.81707091
20250728,5408,2781,2438,189,0.51423817,0.50008125,5403,4291,0.79418841,5388,4707,0.87360802,5402,4181,0.7739726
20250729,5412,2240,3002,170,0.41389505,0.48882102,5407,4082,0.75494729,5392,4614,0.85571217,5407,4087,0.75587202
20250730,5412,1713,3559,140,0.31651885,0.50510296,5406,3693,0.68312986,5391,4492,0.83324059,5406,4103,0.75897151
20250731,5409,1061,4287,61,0.19615456,0.38185468,5402,2618,0.48463532,5387,4071,0.75570819,5402,3548,0.65679378
